主客户编码,主客户名称,子客户编码,子客户名称,子客户地址,交接方式,是否限高,额外工作时长（小时） ,是否需要搬运工,配送类型
127333,重庆中国三峡博物馆,Z047141,重庆中国三峡博物馆-丹回路,重庆市重庆市南岸区丹回路1号,称重点数,否,,否,正常
167462,渝北区消防救援支队,Z071219,渝北区消防救援支队-支队机关,重庆市重庆市渝北区渝北消防南侧正大门别去北侧，中粮祥云C区正对面,称重点数,否,,否,正常
117533,中国人民解放军78007部队,Z014724,中国人民解放军78007部队,重庆市重庆市巴南区渝南大道22-2号,称重点数,否,,否,正常
113134,华能国际电力股份有限公司重庆分公司,Z006476,华能-9楼,土星B1栋9楼,称重点数,是,30分钟,否,正常
111896,重庆市巴南区房屋征收中心,111896,重庆市巴南区房屋征收中心,重庆市重庆市巴南区重庆市巴南区李家沱街道办事处巴南大道16号重庆市巴南区李家沱街道办事处（正大门左手面执法大队4楼）,称重点数,否,,否,正常
109148,重庆金泰国有资产经营有限公司,109148,重庆金泰国有资产经营有限公司,重庆市重庆市渝北区渝北区龙兴路赛力斯汽车龙兴总部负一楼金泰食堂,称重点数,是,30分钟,否,正常
118061,中国烟草总公司重庆市公司,Z016761,中国烟草总公司重庆市公司,五江路20号烟草大厦车库厨房门口,称重点数,是,,否,正常
249760,重庆市北碚区照明灯饰管理处,Z087650,重庆市北碚区照明灯饰管理处,重庆市重庆市北碚区北碚区正源缙山水东区缙香亭公厕后面，从门杆进入2层楼的黄色房子哪里,信任交接,否,,否,正常
126041,重庆市渝北区人民政府大竹林街道办事处,Z043091,重庆市渝北区人民政府大竹林街道办事处,重庆市重庆市渝北区大竹林街道办事处,称重点数,否,,否,正常
234942,北碚区国有土地上房屋征收与补偿安置中心,Z071708,北碚区国有土地上房屋征收与补偿安置中心,重庆市重庆市北碚区北碚区碚南大道118号交通银行楼下有门牌送到2楼,称重点数,否,,否,正常
151229,九龙坡铁路幼儿园,Z090065,九龙坡铁路幼儿园,重庆市重庆市九龙坡区铁路幼儿园,称重点数,是,20分钟,否,正常
106538,重庆市沙坪坝区城市排水设施管理处,106538,重庆市沙坪坝区城市排水设施管理处,重庆市重庆市沙坪坝区重庆市沙坪坝区一纵线,称重点数,否,,否,正常
130395,重庆市人口和计划生育科学技术研究院附属医院,Z057841,重庆市人口和计划生育科学技术研究院附属医院,重庆市重庆市江北区江北区红黄路18号计生医院食堂,称重点数,否,,否,正常
106915,北京金融街第一太平戴维斯物业管理有限公司重庆分公司,Z050849,戴维斯物业管理-国家开发银行重庆分行,重庆市重庆市江北区金融街1号负1楼,称重点数,是,,否,正常
117643,重庆市渝北区人民政府双龙湖街道办事处,Z015272,重庆市渝北区人民政府双龙湖街道办事处,双龙湖街道六楼食堂,称重点数,否,45分钟,否,正常
245578,国家管网集团西南管道有限责任公司重庆输油气分公司,Z119197,重庆输油气,重庆市-渝北区-北部新区龙头寺火车站旁昆仑大道46号中铁·峰汇国际B座9楼,称重点数,否,,否,正常
127301,重庆志阳电气有限公司,Z046644,重庆志阳电气有限公司,重庆市重庆市渝北区重庆长安志阳汽车电气有限公司,称重点数,否,,否,正常
130985,重庆市巴南区人民政府鱼洞街道办事处,Z060282,重庆市巴南区人民政府鱼洞街道办事处,巴南区鱼洞街道办重庆市巴南区鱼洞街道办事处,称重点数,否,,否,正常
180456,重庆市九龙坡区数字化城市管理中心,Z068701,重庆市九龙坡区数字化城市管理中心,重庆市重庆市九龙坡区九龙坡区数字化,称重点数,是,,否,正常
111912,重庆康达环保产业（集团）有限公司,111912,重庆康达环保产业（集团）有限公司,重庆市重庆市渝北区康达环保(黄山大道中段),称重点数,否,10分钟,否,正常
151229,九龙坡铁路幼儿园,Z090065,九龙坡铁路幼儿园,重庆市重庆市九龙坡区铁路幼儿园,称重点数,是,20分钟,否,正常
174210,重庆市南岸区房屋征收中心,Z099595,重庆市南岸区房屋征收中心,重庆市重庆市南岸区南岸区房屋征收中心,称重点数,否,,否,正常
108818,重庆两江新区物业管理有限公司,Z074101,两江物业—职能中心食堂,重庆市重庆市渝北区渝北区御园路92号东北方向180米,称重点数,否,30分钟,否,正常
117721,重庆保税港区港佳综合服务有限公司,Z015323,保税港港欣1号餐厅,重庆市重庆市江北区江北区远航大道88号水港综合大楼重庆市江北区远航大道88号水港综合大楼B栋308重庆保税港区港欣资产经营管理有限公司,称重点数,否,1小时,否,正常
243843,重庆市地质矿产勘查开发集团检验检测有限公司,Z110078,地质勘察——早餐,重庆市-北碚区-同德路12号,称重点数,否,,否,正常
109148,重庆金泰国有资产经营有限公司,109148,重庆金泰国有资产经营有限公司,重庆市重庆市渝北区渝北区龙兴路赛力斯汽车龙兴总部负一楼金泰食堂,称重点数,是,30分钟,否,正常
116760,重庆市沙坪坝区曾家镇人民政府,Z013247,重庆市沙坪坝区曾家镇人民政府,重庆市重庆市沙坪坝区曾家镇政府,称重点数,否,,否,正常
129681,重庆市档案馆（日配）,Z055006,重庆市档案馆（日配）,重庆市重庆市渝北区重庆市渝北区秋成大道,称重点数,是,1小时,否,正常
119756,中国烟草总公司重庆市公司巴南分公司,Z020526,中国烟草总公司重庆市公司巴南分公司,重庆市重庆市巴南区李家沱马王坪正街20号,称重点数,否,30分钟,否,正常
106479,重庆三峰卡万塔环境产业有限公司,Z098832,重庆三峰卡万塔环境产业有限公司二,三峰卡万塔大渡口区八桥镇建桥工业园建桥大道五号,称重点数,否,20分钟,否,正常
106516,重庆农村商业银行股份有限公司南岸支行,106516,重庆农村商业银行股份有限公司南岸支行,重庆市重庆市南岸区重庆市南岸区白鹤路76-11号,称重点数,否,15分钟,否,正常
128950,重庆市沙坪坝区青木关第一幼儿园,Z074808,青木关第一幼儿园-教师餐,重庆市重庆市沙坪坝区青木关第一幼儿园青北下街80号,称重点数,否,10分钟,否,正常
128950,重庆市沙坪坝区青木关第一幼儿园,Z074808,青木关第一幼儿园-教师餐,重庆市重庆市沙坪坝区青木关第一幼儿园青北下街80号,称重点数,否,10分钟,否,正常
108824,中建五局第三建设有限公司重庆分公司,108824,中建五局第三建设有限公司重庆分公司,重庆市重庆市渝北区渝北区新南路451号重庆市渝北区新南路451号 祈年 悦城2楼,称重点数,否,,否,正常
252574,重庆两江新区嘉景湾幼儿园,Z093715,重庆两江新区嘉景湾幼儿园-老师餐,重庆市重庆市渝北区重庆市渝北区金海大道998号,称重点数,否,15分钟,否,正常
122573,重庆建工第二建设有限公司,Z033880,重庆建工第二建设有限公司,重庆市重庆市沙坪坝区天陈路56号,称重点数,是,30分钟,否,正常
129499,重庆市大渡口区八桥镇人民政府,Z054940,重庆市大渡口区八桥镇人民政府,重庆市重庆市大渡口区鑫鹏大厦,称重点数,是,,否,正常
184337,重庆市九龙坡区环境卫生管理处,Z089581,重庆市九龙坡区环境卫生管理处,重庆市重庆市九龙坡区九龙坡区环境卫生重庆市九龙坡区杨渡一村,称重点数,是,,否,正常
177907,重庆市江北区复盛镇人民政府,Z087658,重庆市江北区复盛镇人民政府,重庆市重庆市江北区复盛镇镇府重庆市,称重点数,否,,否,正常
164063,重庆市沙坪坝区大学城实验幼儿园,Z097145,大实幼-教师餐,重庆市重庆市沙坪坝区重庆市沙坪坝区大学城实验幼儿园,称重点数,否,1小时,否,正常
131026,国家税务总局重庆市璧山区税务局,Z087975,国家税务总局重庆市璧山区税务局青杠所,重庆市重庆市璧山区白云大道491号,称重点数,否,,否,正常
106479,重庆三峰卡万塔环境产业有限公司,106479,重庆三峰卡万塔环境产业有限公司,三峰卡万塔大渡口区八桥镇建桥工业园建桥大道五号,称重点数,否,20分钟,否,正常
128950,重庆市沙坪坝区青木关第一幼儿园,Z074808,青木关第一幼儿园-教师餐,重庆市重庆市沙坪坝区青木关第一幼儿园青北下街80号,称重点数,否,10分钟,否,正常
128950,重庆市沙坪坝区青木关第一幼儿园,Z074808,青木关第一幼儿园-教师餐,重庆市重庆市沙坪坝区青木关第一幼儿园青北下街80号,称重点数,否,10分钟,否,正常
252574,重庆两江新区嘉景湾幼儿园,Z093716,重庆两江新区嘉景湾幼儿园-幼儿餐,重庆市重庆市渝北区重庆市渝北区金海大道998号,称重点数,否,15分钟,否,正常
233223,重庆人文艺术职业学校,Z089562,重庆人文艺术职业学校,重庆市重庆市巴南区重庆人文艺术职业学校重庆市巴南区南泉街道虎啸村,称重点数,否,1小时,否,正常
177942,重庆市江北区鱼嘴镇人民政府,Z075216,重庆市江北区鱼嘴镇人民政府,重庆市重庆市江北区鱼嘴镇镇府,称重点数,否,,否,正常
122224,重庆横河川仪有限公司,Z033050,重庆横河川仪有限公司,重庆市重庆市北碚区重庆市北碚区鼎新大道,称重点数,否,15分钟,否,正常
248812,重庆市沙坪坝区瑞教文化发展股份有限公司,Z100936,沙坪坝区公园管理中心,重庆市-沙坪坝区-解放坡1-1号平顶山公园,称重点数,否,,否,正常
248812,重庆市沙坪坝区瑞教文化发展股份有限公司,Z101207,沙坪坝区公园管理中心-沙坪公园,重庆市-沙坪坝区-解放坡1-1号平顶山公园,称重点数,否,,否,正常
122224,重庆横河川仪有限公司,Z033050,重庆横河川仪有限公司,重庆市重庆市北碚区重庆市北碚区鼎新大道,称重点数,否,15分钟,否,正常
109786,重庆市教育科学研究院,109786,重庆市教育科学研究院,重庆市重庆市渝中区重庆市教育科学研究院,称重点数,是,10分钟,是,正常
156201,长江重庆航道工程局,Z063486,长江重庆航道工程局,重庆市-渝中区-长江滨江路111号航道工程局,称重点数,是,,否,正常
117721,重庆保税港区港佳综合服务有限公司,Z087663,保税港港欣8号餐厅—果园西区,重庆市重庆市江北区中华人民共和国重庆海关港重庆市江北区港埠路与隆港路交叉口正西方向85米,称重点数,否,30分钟,否,正常
113643,重庆君合酒店管理有限公司,Z007477,考试中心（考试考核基地水果）,重庆市重庆市渝北区安全生产考试,称重点数,否,30分钟,否,正常
166040,重庆两江新区水土高新技术产业园建设投资有限公司,Z090546,重庆两江新区水土高新技术产业园建设投资有限公司,重庆市重庆市北碚区水土高新技术产业园建设投资有限公司8楼,称重点数,是,45分钟,否,正常
156520,国家税务总局重庆市税务局第五稽查局,Z084510,国家税务总局重庆市税务局第五稽查局,重庆市重庆市南岸区第五稽查局南岸区通江大道209号（四号岗右转到4楼食堂）,信任交接,否,,否,正常
102534,重庆耐德工业股份有限公司,200351,耐德-龙兴,重庆市重庆市渝北区耐德龙兴重庆是渝北区龙兴堡云路5号,称重点数,否,30分钟,否,正常
106898,中信银行股份有限公司重庆分行,Z085092,中信银行股份有限公司重庆渝中支行（日配）,重庆市重庆市渝中区合景聚融广场一单元27-7,称重点数,是,,否,正常
116101,重庆市九龙坡区人民政府中梁山街道办事处,Z012277,重庆市九龙坡区人民政府中梁山街道办事处,重庆市重庆市九龙坡区重庆市九龙坡区中梁山正街301号（导航中梁山街道办事处）重庆市九龙坡区中梁山正街301号（导航中梁山街道办事处）,称重点数,否,30分钟,否,正常
194499,重庆市环境卫生事务中心,Z077064,重庆市环境卫生事务中心,重庆市重庆市渝北区环境卫生事务中心渝北区-红石支路29号(花卉园地铁站2C口步行490米）,称重点数,是,1小时,否,正常
108293,重庆市北碚区天生幼儿园,108293,重庆市北碚区天生幼儿园,天生幼儿园,称重点数,否,,否,正常
117590,重庆凯源石油天然气有限责任公司,Z087643,重庆凯源石油天然气有限责任公司,凯源燃气鸳鸯服务厅凯源燃气,称重点数,否,,否,正常
106479,重庆三峰卡万塔环境产业有限公司,Z099664,重庆三峰卡万塔环境产业有限公司三,三峰卡万塔大渡口区八桥镇建桥工业园建桥大道五号,称重点数,否,20分钟,否,正常
164811,重庆清电新能源开发有限公司,Z091841,重庆清电新能源开发有限公司,重庆市重庆市渝北区清电新能源,称重点数,否,,否,正常
113643,重庆君合酒店管理有限公司,Z007475,考试中心（考试考核基地菜）,重庆市重庆市渝北区安全生产考试,称重点数,否,30分钟,否,正常
113643,重庆君合酒店管理有限公司,Z007476,考试中心（考试考核基地肉）,重庆市重庆市渝北区安全生产考试,称重点数,否,,否,正常
106900,中国石油集团川庆钻探工程有限公司重庆运输总公司,106900,中国石油集团川庆钻探工程有限公司重庆运输总公司,重庆市重庆市渝北区红石支路299号中国石油川庆钻探工程有限公司重庆运输总公司,称重点数,是,1小时,否,正常
113643,重庆君合酒店管理有限公司,Z007479,考试中心（考试考核基地干副）,重庆市重庆市渝北区安全生产考试,称重点数,否,,否,正常
166040,重庆两江新区水土高新技术产业园建设投资有限公司,Z090546,重庆两江新区水土高新技术产业园建设投资有限公司,重庆市重庆市北碚区水土高新技术产业园建设投资有限公司8楼,称重点数,是,45分钟,否,正常
159762,中国电信股份有限公司渝北分公司,Z101204,回兴路食堂,重庆市-渝北区-宝桐路32号,称重点数,否,,否,正常
159762,中国电信股份有限公司渝北分公司,Z101204,回兴路食堂,重庆市-渝北区-宝桐路32号,称重点数,否,,否,正常
130395,重庆市人口和计划生育科学技术研究院附属医院,Z057841,重庆市人口和计划生育科学技术研究院附属医院,重庆市重庆市江北区江北区红黄路18号计生医院食堂,称重点数,否,,否,正常
157179,重庆市沙坪坝区阳光家园第一幼儿园,Z097250,重庆市沙坪坝区阳光家园第一幼儿园_教师,重庆市沙坪坝区阳光家园第一幼儿园,称重点数,否,,否,正常
102534,重庆耐德工业股份有限公司,200353,耐德-界石,重庆市重庆市巴南区巴南区界石镇石佛路8号,称重点数,否,,否,正常
152883,重庆浩航船务有限公司,Z092710,重庆浩航船务有限公司,重庆市重庆市江北区浩航江北区金源路7号B区24楼,称重点数,是,,否,正常
106898,中信银行股份有限公司重庆分行,Z085080,中信银行-金州支行（日配）,重庆市重庆市渝北区力帆红星紫郡1栋20-4,称重点数,是,,否,正常
106898,中信银行股份有限公司重庆分行,Z085057,中信银行-南坪支行(日配）,重庆市重庆市南岸区南岸区学府大道2号重庆市重庆市南岸区南岸区学府大道2号江南国际新城6幢5-7,称重点数,否,,否,正常
161361,重庆市人民检察院第五分院,Z103442,重庆市人民检察院第五分院,重庆市-渝中区-经纬大道488号,称重点数,是,1小时,否,正常
233492,重庆市九龙坡区文化馆,Z072636,重庆市九龙坡区文化馆,重庆市重庆市九龙坡区重庆市九龙坡区西郊支路19号,称重点数,是,,否,正常
160519,重庆市第一中学校,Z072506,重庆一中-幼儿园,重庆市重庆市沙坪坝区重庆市沙坪坝区汉渝路17-5号,称重点数,否,,否,正常
119659,重庆瑜煌电力设备制造有限公司,Z093833,重庆瑜煌电力设备制造有限公司-干副,重庆市-北碚区-凤西路6号瑜煌电力设备制造有限公司,称重点数,否,20分钟,否,正常
119659,重庆瑜煌电力设备制造有限公司,Z093834,重庆瑜煌电力设备制造有限公司-蔬菜,重庆市-北碚区-凤西路6号瑜煌电力设备制造有限公司,称重点数,否,20分钟,否,正常
120105,重庆顺泰铁塔制造有限公司,Z093836,重庆顺泰铁塔制造有限公司-蔬菜,重庆市重庆市江北区重庆市江北区S101(海尔路),称重点数,否,,否,正常
106516,重庆农村商业银行股份有限公司南岸支行,106516,重庆农村商业银行股份有限公司南岸支行,重庆市重庆市南岸区重庆市南岸区白鹤路76-11号,称重点数,否,15分钟,否,正常
128180,新大正物业集团股份有限公司,Z083410,新大正物业集团股份有限公司-奶制品,重庆市渝中区中山三路128-、130号,称重点数,是,15分钟,否,正常
112177,安诚财产保险股份有限公司,Z011499,安诚财产保险股份有限公司-2楼,重庆市重庆市江北区江北嘴金融城-2号T2,称重点数,否,1小时,否,正常
112177,安诚财产保险股份有限公司,Z011499,安诚财产保险股份有限公司-2楼,重庆市重庆市江北区江北嘴金融城-2号T2,称重点数,否,1小时,否,正常
112177,安诚财产保险股份有限公司,Z011499,安诚财产保险股份有限公司-2楼,重庆市重庆市江北区江北嘴金融城-2号T2,称重点数,否,1小时,否,正常
112177,安诚财产保险股份有限公司,Z011499,安诚财产保险股份有限公司-2楼,重庆市重庆市江北区江北嘴金融城-2号T2,称重点数,否,1小时,否,正常
112177,安诚财产保险股份有限公司,Z011499,安诚财产保险股份有限公司-2楼,重庆市重庆市江北区江北嘴金融城-2号T2,称重点数,否,1小时,否,正常
112177,安诚财产保险股份有限公司,Z011499,安诚财产保险股份有限公司-2楼,重庆市重庆市江北区江北嘴金融城-2号T2,称重点数,否,1小时,否,正常
112177,安诚财产保险股份有限公司,Z011499,安诚财产保险股份有限公司-2楼,重庆市重庆市江北区江北嘴金融城-2号T2,称重点数,否,1小时,否,正常
107058,厦门银行股份有限公司重庆分行,107058,厦门银行股份有限公司重庆分行,重庆市重庆市江北区重庆市江北区金沙门路,称重点数,是,1小时,否,正常
112177,安诚财产保险股份有限公司,Z011499,安诚财产保险股份有限公司-2楼,重庆市重庆市江北区江北嘴金融城-2号T2,称重点数,否,1小时,否,正常
106898,中信银行股份有限公司重庆分行,Z000614,中信银行股份有限公司重庆分行（日配）,重庆市重庆市江北区中信银行股份有限公司重庆分行江北嘴西大街5号B1楼,称重点数,是,2小时,否,正常
106898,中信银行股份有限公司重庆分行,Z000614,中信银行股份有限公司重庆分行（日配）,重庆市重庆市江北区中信银行股份有限公司重庆分行江北嘴西大街5号B1楼,称重点数,是,,否,正常
106898,中信银行股份有限公司重庆分行,Z000614,中信银行股份有限公司重庆分行（日配）,重庆市重庆市江北区中信银行股份有限公司重庆分行江北嘴西大街5号B1楼,称重点数,是,,否,正常
258594,重庆市九龙坡区金凤镇人民政府,Z103637,重庆市九龙坡区金凤镇人民政府,重庆市-九龙坡区-凤苑路14号附3号1至3层,称重点数,否,30分钟,否,正常
157514,重庆市巴南区规划和自然资源局,Z085629,一号楼,重庆市重庆市巴南区巴南区规划,称重点数,否,,否,正常
108417,重庆两江新区北大资源凯思幼儿园,Z009441,两江新区北大资源凯思幼儿园-学生,重庆市重庆市渝北区北大资源凯思幼儿园,称重点数,否,,否,正常
108417,重庆两江新区北大资源凯思幼儿园,Z009440,两江新区北大资源凯思幼儿园-老师,重庆市重庆市渝北区北大资源凯思幼儿园,称重点数,否,10分钟,否,正常
157514,重庆市巴南区规划和自然资源局,Z085629,一号楼,重庆市重庆市巴南区巴南区规划,称重点数,否,,否,正常
108417,重庆两江新区北大资源凯思幼儿园,Z009440,两江新区北大资源凯思幼儿园-老师,重庆市重庆市渝北区北大资源凯思幼儿园,称重点数,否,,否,正常
155066,重庆市渝中区红岩幼儿园,Z063067,渝中区红岩幼儿园-老师,重庆市重庆市渝中区渝中区千厮门行街15号重庆市渝中区千厮门行街15号,称重点数,是,15分钟,否,正常
103945,重庆两江新区楠苑康复护理院有限公司,103945,重庆两江新区楠苑康复护理院有限公司,重庆市重庆市渝北区楠苑护理院,称重点数,是,30分钟,否,正常
251920,解放军陆军勤务学院幼儿园,Z091831,教师食材,重庆市重庆市渝中区重庆市渝中区长江二路147号长江二路147号,称重点数,否,,否,正常
251920,解放军陆军勤务学院幼儿园,Z091830,幼儿食材,重庆市重庆市渝中区重庆市渝中区长江二路147号长江二路147号,称重点数,否,,否,正常
255786,重庆市渝北区佳华幼儿园,Z097261,佳华-老师,重庆市重庆市渝北区佳华幼儿园渝北区龙塔街道紫荆路社区156号,称重点数,否,,否,正常
124059,国网重庆市电力公司大足供电分公司,Z096790,大足电网—机关食堂,重庆市重庆市大足区大足区棠香街道五星大道中段71号国家电网大足供电公司,称重点数,否,1小时,否,正常
115178,浙商银行股份有限公司重庆分行,Z010535,浙商银行股份有限公司重庆分行,浙商银行信达国际C栋3楼（从负一楼车库进去）,称重点数,是,2小时,否,正常
117213,重庆市巴南区土地整治储备中心,Z014215,重庆市巴南区土地整治储备中心,重庆市重庆市巴南区龙德路77号6栋18楼,称重点数,否,,否,正常
157421,重庆水务环境控股集团有限公司,Z077796,重庆水务环境控股集团有限公司,重庆市重庆市渝中区渝中区虎踞路80号重庆总部城A区11栋渝中区虎踞路80号重庆总部城A区,称重点数,是,20分钟,否,正常
157421,重庆水务环境控股集团有限公司,Z077796,重庆水务环境控股集团有限公司,重庆市重庆市渝中区渝中区虎踞路80号重庆总部城A区11栋渝中区虎踞路80号重庆总部城A区,称重点数,是,20分钟,否,正常
150035,西南大学,Z073824,西南大学-南区幼儿,重庆市重庆市北碚区西南大学实验幼儿园南区,称重点数,否,,否,正常
150035,西南大学,Z073826,西南大学-北区幼儿,重庆市重庆市北碚区西南大学实验幼儿园西南大学5号门进去,称重点数,否,,否,正常
124059,国网重庆市电力公司大足供电分公司,Z096791,大足电网—城区食堂,重庆市重庆市大足区大足区环西路100号大足区国家电网汽车充电站,称重点数,否,1小时,否,正常
189768,中国人民解放军陆军军医大学第一附属医院（西南医院幼儿园）,Z078247,西南医院幼儿园,沙坪坝区西南医院幼儿园,称重点数,否,30分钟,否,正常
115178,浙商银行股份有限公司重庆分行,Z010535,浙商银行股份有限公司重庆分行,浙商银行信达国际C栋3楼（从负一楼车库进去）,称重点数,是,,否,正常
189768,中国人民解放军陆军军医大学第一附属医院（西南医院幼儿园）,Z078247,西南医院幼儿园,沙坪坝区西南医院幼儿园,称重点数,否,30分钟,否,正常
110866,重庆市北碚区住房和城乡建设委员会,110866,重庆市北碚区住房和城乡建设委员会,重庆市重庆市北碚区北碚城乡建设委员会定位对面就是食堂送到3楼,称重点数,否,30分钟,否,正常
170611,重庆九锅箐农林综合开发有限责任公司,Z102432,重庆颐天康养产业发展有限公司,重庆市-渝中区-中山三128号、130号投资大厦车库电梯到负一楼颐天康养食堂,称重点数,是,,否,正常
107749,重庆市巴南不动产登记中心,Z090782,巴南不动产登记中心-干副粮油,重庆市重庆市巴南区重庆市巴南区龙洲大道,称重点数,否,,否,正常
107749,重庆市巴南不动产登记中心,107749,重庆市巴南不动产登记中心,重庆市重庆市巴南区重庆市巴南区龙洲大道,称重点数,否,,否,正常
131495,重庆市渝北区人民政府人和街道办事处,Z062050,重庆市渝北区人民政府人和街道办事处,重庆市重庆市渝北区人和街道办事处,称重点数,否,1.5小时,否,正常
113063,重庆百事天府饮料有限公司,Z007556,重庆百事天府饮料有限公司,重庆市重庆市渝北区重庆百事天府饮料有限公司,称重点数,否,30分钟,否,正常
120105,重庆顺泰铁塔制造有限公司,Z093835,重庆顺泰铁塔制造有限公司-干副,重庆市重庆市江北区重庆市江北区S101(海尔路),称重点数,否,1小时,否,正常
128180,新大正物业集团股份有限公司,Z083409,新大正物业集团股份有限公司-肉类,重庆市渝中区中山三路128-、130号,称重点数,是,15分钟,否,正常
248502,中电建重庆勘测设计研究院有限公司,Z087651,中电建重庆勘测设计研究院有限公司,重庆市重庆市渝北区渝北区财富大道3号财富汇10楼5号,称重点数,否,,否,正常
128180,新大正物业集团股份有限公司,Z083406,新大正物业集团股份有限公司-干副,重庆市渝中区中山三路128-、130号,称重点数,是,15分钟,否,正常
128180,新大正物业集团股份有限公司,Z083407,新大正物业股份有限公司-蔬菜,重庆市渝中区中山三路128-、130号,称重点数,是,15分钟,否,正常
122082,重庆澋悦房地产开发有限公司,Z032457,重庆澋悦房地产开发有限公司,重庆市重庆市渝中区重庆市渝中区化龙桥正街211,称重点数,否,10分钟,否,正常
128424,重庆科学城城市建设集团有限公司,Z050197,重庆科学城城市建设集团有限公司,重庆市重庆市九龙坡区青竹路高新ONE,称重点数,否,,否,正常
116101,重庆市九龙坡区人民政府中梁山街道办事处,Z012277,重庆市九龙坡区人民政府中梁山街道办事处,重庆市重庆市九龙坡区重庆市九龙坡区中梁山正街301号（导航中梁山街道办事处）重庆市九龙坡区中梁山正街301号（导航中梁山街道办事处）,称重点数,否,30分钟,否,正常
156308,国家税务总局重庆两江新区税务局,Z087649,国家税务总局重庆两江新区税务局,重庆市重庆市渝北区两江税务,称重点数,否,,否,正常
112177,安诚财产保险股份有限公司,Z011499,安诚财产保险股份有限公司-2楼,重庆市重庆市江北区江北嘴金融城-2号T2,称重点数,否,1小时,否,正常
112177,安诚财产保险股份有限公司,Z011499,安诚财产保险股份有限公司-2楼,重庆市重庆市江北区江北嘴金融城-2号T2,称重点数,否,1小时,否,正常
112177,安诚财产保险股份有限公司,Z011499,安诚财产保险股份有限公司-2楼,重庆市重庆市江北区江北嘴金融城-2号T2,称重点数,否,1小时,否,正常
112177,安诚财产保险股份有限公司,Z011499,安诚财产保险股份有限公司-2楼,重庆市重庆市江北区江北嘴金融城-2号T2,称重点数,否,1小时,否,正常
112177,安诚财产保险股份有限公司,Z011499,安诚财产保险股份有限公司-2楼,重庆市重庆市江北区江北嘴金融城-2号T2,称重点数,否,1小时,否,正常
118522,中铁建生态环境有限公司,Z016899,中铁建生态环境有限公司-早餐,中铁建生态环境有限公司,称重点数,否,,否,正常
106898,中信银行股份有限公司重庆分行,Z000614,中信银行股份有限公司重庆分行（日配）,重庆市重庆市江北区中信银行股份有限公司重庆分行江北嘴西大街5号B1楼,称重点数,是,,否,正常
106898,中信银行股份有限公司重庆分行,Z000614,中信银行股份有限公司重庆分行（日配）,重庆市重庆市江北区中信银行股份有限公司重庆分行江北嘴西大街5号B1楼,称重点数,是,,否,正常
151287,中国铁路成都局集团有限公司重庆建设指挥部,Z080483,中国铁路成都局集团有限公司重庆建设指挥部,重庆市重庆市沙坪坝区青秀阅山8栋6楼，导航青秀阅山8栋,称重点数,否,,否,正常
163755,重庆市渝北区体育事业发展中心,Z100105,重庆市渝北区体育事业发展中心,重庆市-渝北区-秋成大道与兰桂大道交叉口全民健身中心内,称重点数,否,,否,正常
106824,重庆市巴南区人民政府惠民街道办事处,106824,重庆市巴南区人民政府惠民街道办事处,重庆市重庆市巴南区重庆市巴南区惠西路176号,称重点数,否,,否,正常
155066,重庆市渝中区红岩幼儿园,Z063067,渝中区红岩幼儿园-老师,重庆市重庆市渝中区渝中区千厮门行街15号重庆市渝中区千厮门行街15号,称重点数,是,15分钟,是,正常
251920,解放军陆军勤务学院幼儿园,Z091832,聘用教师食材,重庆市重庆市渝中区重庆市渝中区长江二路147号长江二路147号,称重点数,否,,否,正常
118238,中国邮政集团有限公司重庆市江北区分公司,Z016764,中国邮政集团有限公司重庆市江北区分公司,重庆市重庆市江北区中国邮政集团有限公司重庆市江北区分公司,称重点数,是,1小时,否,正常
255786,重庆市渝北区佳华幼儿园,Z097262,佳华-学生,重庆市重庆市渝北区佳华幼儿园渝北区龙塔街道紫荆路社区156号,称重点数,否,,否,正常
117134,重庆九龙坡区铝都实验幼儿园大石堡分园,Z014006,重庆九龙坡区铝都实验幼儿园大石堡分园,重庆市重庆市九龙坡区西彭镇铝城正街2号铝都实验幼儿园(大石堡分园),称重点数,否,,否,正常
115178,浙商银行股份有限公司重庆分行,Z010535,浙商银行股份有限公司重庆分行,浙商银行信达国际C栋3楼（从负一楼车库进去）,称重点数,是,,否,正常
115178,浙商银行股份有限公司重庆分行,Z010535,浙商银行股份有限公司重庆分行,浙商银行信达国际C栋3楼（从负一楼车库进去）,称重点数,是,,否,正常
129529,长江重庆航道局,Z054113,长江重庆航道局,重庆市重庆市渝北区长江重庆航道局机关事务服务中心渝北区星辰路76号,称重点数,是,,否,正常
115178,浙商银行股份有限公司重庆分行,Z010535,浙商银行股份有限公司重庆分行,浙商银行信达国际C栋3楼（从负一楼车库进去）,称重点数,是,,否,正常
124059,国网重庆市电力公司大足供电分公司,Z096910,大足电网—运检食堂,重庆市重庆市大足区大足区索性酒店旁大足电网云检电力公司,称重点数,否,,否,正常
157421,重庆水务环境控股集团有限公司,Z077796,重庆水务环境控股集团有限公司,重庆市重庆市渝中区渝中区虎踞路80号重庆总部城A区11栋渝中区虎踞路80号重庆总部城A区,称重点数,是,20分钟,否,正常
189768,中国人民解放军陆军军医大学第一附属医院（西南医院幼儿园）,Z078247,西南医院幼儿园,沙坪坝区西南医院幼儿园,称重点数,否,30分钟,否,正常
105480,中国石油天然气股份有限公司西南化工销售重庆仓储中心,105480,中国石油天然气股份有限公司西南化工销售重庆仓储中心,重庆市重庆市沙坪坝区中国石油西南化工销售重庆分公司,称重点数,否,,否,正常
150035,西南大学,Z073825,西南大学-南区老师,重庆市重庆市北碚区西南大学实验幼儿园南区,称重点数,否,,否,正常
150035,西南大学,Z073827,西南大学-北区老师,重庆市重庆市北碚区西南大学实验幼儿园西南大学5号门进去,称重点数,否,,否,正常
166342,重庆市江北区人民政府石马河街道办事处,Z088811,重庆市江北区人民政府石马河街道办事处,重庆市重庆市江北区江北区-余溪南路82号附25号3楼食堂,称重点数,是,,否,正常
106288,重庆两江新区爱德蒙幼儿园,Z035134,重庆两江新区爱德蒙幼儿园-学生,湖云路12号爱德蒙幼儿园,称重点数,否,,否,正常
166342,重庆市江北区人民政府石马河街道办事处,Z088811,重庆市江北区人民政府石马河街道办事处,重庆市重庆市江北区江北区-余溪南路82号附25号3楼食堂,称重点数,是,,否,正常
110866,重庆市北碚区住房和城乡建设委员会,110866,重庆市北碚区住房和城乡建设委员会,重庆市重庆市北碚区北碚城乡建设委员会定位对面就是食堂送到3楼,称重点数,否,30分钟,否,正常
189766,重庆市人口与家庭发展研究中心,Z086707,重庆市人口与家庭发展研究中心,重庆市重庆市渝北区重庆市人口与发展研究中心2楼食堂（平层）,称重点数,否,,否,正常
106459,重庆智飞生物制品股份有限公司,106459,重庆智飞生物制品股份有限公司,国金中心L1  51楼,称重点数,是,,否,正常
254602,重庆青凤科技发展有限公司,Z100128,重庆青凤科技发展有限公司,重庆市-沙坪坝区-凤集路与海博大道交口西北侧重庆市沙坪坝区凤集路与海博大道交叉口西北方向181米,称重点数,否,30分钟,否,正常
114660,重庆中机中联工程有限公司,Z063806,中机中联-中机建筑大厦,重庆市重庆市九龙坡区石桥铺中机建设科技大厦九龙坡长新路,称重点数,是,,否,正常
190039,重庆市沙坪坝区春田幼儿园,Z064682,春田幼儿园-老师,沙坪坝区春田幼儿园重庆市沙坪坝区土湾新生村12号（沙坪坝区春田幼儿园）,称重点数,是,,否,正常
190039,重庆市沙坪坝区春田幼儿园,Z064660,重庆市沙坪坝区春田幼儿园,沙坪坝区春田幼儿园重庆市沙坪坝区土湾新生村12号（沙坪坝区春田幼儿园）,称重点数,是,,否,正常
189766,重庆市人口与家庭发展研究中心,Z086708,重庆市人口与家庭发展研究中心-耗材,重庆市重庆市渝北区重庆市人口与发展研究中心2楼食堂（平层）,称重点数,否,,否,正常
160519,重庆市第一中学校,Z100159,重庆一中一食堂-小卖部,重庆市沙坪坝区汉渝路17-5号,称重点数,否,,否,正常
127093,重庆市渝北区金豆云中幼儿园有限公司,Z046615,重庆市渝北区北城书画艺术学校,重庆市重庆市渝北区金豆子幼稚园-南门,称重点数,是,,否,正常
125096,重庆市北碚区人民法院,Z041908,重庆市北碚区人民法院,重庆市重庆市北碚区重庆市北碚区人民法院,称重点数,否,,否,正常
106898,中信银行股份有限公司重庆分行,Z085081,中信银行-金渝支行（日配）,重庆市重庆市渝北区金渝支行时代中心1号中信银行金渝支行时代中心1号门3栋6-3,称重点数,是,,否,正常
109790,重庆市九龙坡区人民政府二郎街道办事处,Z093688,重庆市九龙坡区人民政府二郎街道办事处,重庆市重庆市九龙坡区二郎街道办事处二郎街道办事处食堂,称重点数,否,,否,正常
113134,华能国际电力股份有限公司重庆分公司,Z006476,华能-9楼,土星B1栋9楼,称重点数,是,,否,正常
113134,华能国际电力股份有限公司重庆分公司,Z006208,华能国际电力股份有限公司重庆分公司,重庆市重庆市渝北区星光五路8号（C3座）三楼,称重点数,是,,否,正常
175618,重庆市渝北区道路运输事务中心工会委员会,Z103491,重庆市渝北区道路运输事务中心工会委员会,重庆市-渝北区-高岩路112号重庆市渝北区高岩路112号,称重点数,是,,否,正常
254602,重庆青凤科技发展有限公司,Z100128,重庆青凤科技发展有限公司,重庆市-沙坪坝区-凤集路与海博大道交口西北侧重庆市沙坪坝区凤集路与海博大道交叉口西北方向181米,称重点数,否,30分钟,否,正常
114660,重庆中机中联工程有限公司,Z063806,中机中联-中机建筑大厦,重庆市重庆市九龙坡区石桥铺中机建设科技大厦九龙坡长新路,称重点数,是,1.5小时,否,正常
127093,重庆市渝北区金豆云中幼儿园有限公司,Z046615,重庆市渝北区北城书画艺术学校,重庆市重庆市渝北区金豆子幼稚园-南门,称重点数,是,,否,正常
125096,重庆市北碚区人民法院,Z100361,复兴法庭,重庆市-北碚区-兴平路与悦复大道交叉路口往东北约120米,称重点数,否,,否,正常
115407,重庆市公安局沙坪坝区分局交通巡逻警察支队勤务五大队,Z011654,重庆市公安局沙坪坝区分局交通巡逻警察支队勤务五大队,重庆市重庆市沙坪坝区重庆市沙坪坝区西永大道,信任交接,否,30分钟,否,正常
130465,重庆中法供水有限公司,Z058706,重庆中法供水-梁沱食堂,重庆市江北区宏帆路,称重点数,否,,否,正常
130465,重庆中法供水有限公司,Z059237,重庆中法供水-松树桥食堂,重庆市渝北区松石大道100号,称重点数,否,,否,正常
130465,重庆中法供水有限公司,Z058705,重庆中法供水-悦来食堂,重庆市渝北区富悦街,称重点数,否,1小时,否,正常
130465,重庆中法供水有限公司,Z084092,渝北三号桥食堂,水气大楼3楼员工食堂,称重点数,否,,否,正常
130471,重庆农村商业银行股份有限公司两江分行,Z080914,农商行两江分行-奶制品,重庆市重庆市渝北区农村商业银行两江分行重庆市渝北区金童路重庆农村商业银行（两江分行）,称重点数,是,,否,正常
118973,重庆凯源石油天然气有限责任公司巴南分公司,Z018307,重庆凯源石油天然气有限责任公司巴南分公司,巨星花园-停车场,称重点数,否,20分钟,否,正常
118973,重庆凯源石油天然气有限责任公司巴南分公司,Z018307,重庆凯源石油天然气有限责任公司巴南分公司,巨星花园-停车场,称重点数,否,20分钟,否,正常
119659,重庆瑜煌电力设备制造有限公司,Z093833,重庆瑜煌电力设备制造有限公司-干副,重庆市-北碚区-凤西路6号瑜煌电力设备制造有限公司,称重点数,否,20分钟,否,正常
130278,重庆高金实业股份有限公司,Z078988,高金实业-一楼食堂,重庆市重庆市渝北区重庆市经济技术开发区北区云卉路1,称重点数,否,,否,正常
156736,中国人民解放军陆军军医大学,Z102494,幼儿园食堂,重庆市重庆市沙坪坝区陆军军医大学直幼儿园食堂,称重点数,否,,否,正常
114660,重庆中机中联工程有限公司,Z010537,重庆中机中联工程有限公司,重庆市重庆市九龙坡区渝州路17号A座中机中联工程有限公司车库二楼食堂门口,称重点数,是,45分钟,否,正常
151915,重庆市沙坪坝区环境卫生管理处,Z099019,沙环卫-环卫处食堂,重庆市沙坪坝区环境卫生管理处重庆市沙坪坝区环境卫生管理处,称重点数,是,30分钟,否,正常
109977,重庆农村商业银行股份有限公司巴南支行,109977,重庆农村商业银行股份有限公司巴南支行,重庆市重庆市巴南区龙洲大道145号重庆农村商业银行24小时自助银行(巴南支行营业部)重庆市巴南区龙洲大道145号,称重点数,否,10分钟,否,正常
122334,重庆铁路投资集团有限公司,Z033354,重庆铁路投资集团有限公司,重庆市重庆市江北区重庆铁路投资集团有限公司p1层,称重点数,是,,否,正常
125096,重庆市北碚区人民法院,Z100362,柳荫法庭,重庆市-北碚区-柳江街126号,称重点数,否,,否,正常
131026,国家税务总局重庆市璧山区税务局,Z060348,国家税务总局重庆市璧山区税务局,重庆市重庆市璧山区璧山区人民法院-东门,称重点数,否,,否,正常
131026,国家税务总局重庆市璧山区税务局,Z060348,国家税务总局重庆市璧山区税务局,重庆市重庆市璧山区璧山区人民法院-东门,称重点数,否,,否,正常
160987,重庆市爆破工程建设有限责任公司,Z085598,重庆市爆破工程建设有限责任公司,重庆市重庆市江北区江北区华新村350号6层,称重点数,否,,否,正常
114660,重庆中机中联工程有限公司,Z010537,重庆中机中联工程有限公司,重庆市重庆市九龙坡区渝州路17号A座中机中联工程有限公司车库二楼食堂门口,称重点数,是,45分钟,否,正常
154609,招商万桥（重庆）科技有限公司,Z113014,招商万桥（重庆）科技有限公司,重庆市重庆市南岸区万桥重庆市南岸区江龙路16号b区,称重点数,否,,否,正常
126720,重庆市风景园林技工学校,Z047895,园林技工学校-教师,重庆市重庆市渝中区菜袁路203号重庆市园林技工学校,称重点数,是,,否,正常
237219,重庆市巴南区理想城幼儿园,Z076436,重庆市巴南区理想城幼儿园,重庆市重庆市巴南区理想城幼儿园,称重点数,否,,否,正常
105965,重庆两江新区丹鹤幼儿园,105965,重庆两江新区丹鹤幼儿园,重庆市重庆市渝北区重庆市渝北区鸳鸯路157,称重点数,是,,否,正常
111219,重庆市通信产业服务有限公司安达楼宇设备分公司,Z085413,电信老机关食堂,"重庆市重庆市渝中区重庆市渝中区大坪正街51号电信大院
重庆市渝中区大坪正街51号电信大院",称重点数,否,,否,正常
152883,重庆浩航船务有限公司,Z092813,重庆浩航船务有限公司,重庆市重庆市江北区浩航江北区金源路7号B区24楼,称重点数,是,,否,正常
155901,重庆市沙坪坝区教师进修学院,Z075634,重庆市沙坪坝区教师进修学院,重庆市重庆市沙坪坝区沙坪坝区教师进修学院,称重点数,否,,否,正常
125556,重庆复旦中学附属幼儿园,Z042628,重庆复旦中学附属幼儿园-学生其他类,重庆市重庆市渝中区渝中区较场口81号1幢重庆市渝中区较场口81号1幢,称重点数,是,30分钟,否,正常
117134,重庆九龙坡区铝都实验幼儿园大石堡分园,Z094604,大石堡幼儿园-教师,重庆市重庆市九龙坡区西彭镇铝城正街2号铝都实验幼儿园(大石堡分园),称重点数,否,,否,正常
163182,重庆市第十八中学,Z098967,铁山坪三楼食堂-调味品类,十八中学铁山坪铁山坪校区二楼,称重点数,否,1小时,否,正常
163182,重庆市第十八中学,Z098965,铁山坪二楼食堂-调味品类,十八中学铁山坪铁山坪校区二楼,称重点数,否,,否,正常
106898,中信银行股份有限公司重庆分行,Z085090,中信银行-冉家坝支行（日配）,重庆市重庆市渝北区龙山路303号渝安龙都3栋19-2,称重点数,是,,否,正常
105024,重庆两江新区中医院,105024,重庆两江新区中医院,重庆市重庆市渝北区两江新区中医院渝北区楠竹路3号,称重点数,是,30分钟,否,正常
237219,重庆市巴南区理想城幼儿园,Z093374,理想城幼儿园-教师,重庆市重庆市巴南区理想城幼儿园,称重点数,否,,否,正常
237219,重庆市巴南区理想城幼儿园,Z076436,重庆市巴南区理想城幼儿园,重庆市重庆市巴南区理想城幼儿园,称重点数,否,,否,正常
105956,重庆两江新区启星幼儿园,105956,重庆两江新区启星幼儿园,重庆市重庆市渝北区重庆市渝北区鸳鸯路159-、161号,称重点数,是,,否,正常
105626,中国人民解放军重庆市九龙坡区人民武装部,Z002868,中国人民解放军重庆市九龙坡区武装部（市区指挥中心）,杨家坪杨渡新村13幢人倵宾馆,称重点数,否,,否,正常
122129,重庆川仪自动化股份有限公司,Z041074,川仪自动化股份-办公室,重庆市重庆市渝北区黄山大道川仪,称重点数,否,2小时,是,单点配送
104758,快乐食间餐饮管理有限责任公司,Z091160,快乐食间-老重大,重庆市重庆市沙坪坝区重庆大学B区,称重点数,是,30分钟,否,正常
125556,重庆复旦中学附属幼儿园,Z072015,重庆复旦中学附属幼儿园贰园-学生其他类,重庆市重庆市渝中区渝中区中兴路228号附13号渝中区中兴路228号附13号,称重点数,是,30分钟,否,正常
151915,重庆市沙坪坝区环境卫生管理处,Z099020,沙环卫-转运科,"重庆市重庆市沙坪坝区重庆市沙坪坝区凤天大道147号,立宇汽修厂右上方大门处重庆市沙坪坝区凤天大道147号,立宇汽修厂右上方大门处",称重点数,是,,否,正常
106288,重庆两江新区爱德蒙幼儿园,Z035134,重庆两江新区爱德蒙幼儿园-学生,湖云路12号爱德蒙幼儿园,称重点数,否,,否,正常
127333,重庆中国三峡博物馆,Z047140,重庆中国三峡博物馆-大礼堂,重庆市重庆市渝中区重庆中国三峡博物馆渝中区人民路236号,称重点数,否,30分钟,否,正常
163182,重庆市第十八中学,Z098963,铁山坪二楼食堂-面食,重庆市重庆市江北区十八中学铁山坪二楼食堂,称重点数,否,,否,正常
258594,重庆市九龙坡区金凤镇人民政府,Z103637,重庆市九龙坡区金凤镇人民政府,重庆市-九龙坡区-凤苑路14号附3号1至3层,称重点数,否,30分钟,否,正常
250630,重庆市第十八中学（本部）,Z100274,十八中观音桥面食-一楼三组,重庆市重庆市江北区十八中学观音桥观音桥校区食堂,称重点数,否,,否,正常
197920,重庆市北碚区规划和自然资源局,Z103347,重庆市北碚区规划和自然资源局,重庆市-北碚区-卢作孚路555号,称重点数,否,,否,正常
253413,重庆建工第十二建设有限责任公司,Z093263,重庆建工第十二建设有限责任公司,重庆市重庆市渝北区渝北区新牌坊龙珠花园瑞泰口腔楼上,称重点数,是,,否,正常
122129,重庆川仪自动化股份有限公司,Z033012,川仪自动化股份-蔡家园区单位食堂,重庆市重庆市北碚区重庆川仪调节阀有限公司,称重点数,否,1小时,是,单点配送
122129,重庆川仪自动化股份有限公司,Z033012,川仪自动化股份-蔡家园区单位食堂,重庆市重庆市北碚区重庆川仪调节阀有限公司,称重点数,否,1小时,是,单点配送
122129,重庆川仪自动化股份有限公司,Z033011,川仪自动化股份-北环园区单位食堂,重庆市重庆市渝北区重庆川仪自动化股份有限公司黄山大道,称重点数,否,1小时,是,单点配送
128678,重庆水资源产业股份有限公司高新区自来水分公司,Z084476,高新区自来水-西所食堂,重庆市重庆市九龙坡区青竹路,称重点数,否,,否,正常
155633,重庆中兴软件有限责任公司,Z094915,重庆中兴软件有限责任公司,重庆市重庆市渝北区渝北区星光五路3号2期1楼员工食堂,称重点数,否,,否,正常
155633,重庆中兴软件有限责任公司,Z094915,重庆中兴软件有限责任公司,重庆市重庆市渝北区渝北区星光五路3号2期1楼员工食堂,称重点数,否,,否,正常
124577,中国人民武装警察部队重庆市总队机关服务中心,Z039238,中国人民武装警察部队重庆市总队机关服务中心,龙山路66号武警总队（大龙山66号，大龙山2A出口前方100米）,称重点数,否,,否,正常
155633,重庆中兴软件有限责任公司,Z094915,重庆中兴软件有限责任公司,重庆市重庆市渝北区渝北区星光五路3号2期1楼员工食堂,称重点数,否,,否,正常
155633,重庆中兴软件有限责任公司,Z094915,重庆中兴软件有限责任公司,重庆市重庆市渝北区渝北区星光五路3号2期1楼员工食堂,称重点数,否,1小时,否,正常
155633,重庆中兴软件有限责任公司,Z094915,重庆中兴软件有限责任公司,重庆市重庆市渝北区渝北区星光五路3号2期1楼员工食堂,称重点数,否,,否,正常
230091,重庆市綦江区益恒环保科技有限公司,Z076721,重庆市綦江区益恒环保科技有限公司,重庆市重庆市綦江区 重庆市綦江区新盛街道德胜村5组178号厨余垃圾处理中心重庆市綦江区新盛街道德胜村5组,称重点数,否,,否,正常
128678,重庆水资源产业股份有限公司高新区自来水分公司,Z092480,高新区自来水-西彭,重庆市重庆市九龙坡区九龙坡区西彭镇森迪大道96号,信任交接,否,,否,正常
114469,重庆两江新区上林幼儿园,Z009368,重庆两江新区上林幼儿园-老师,重庆市重庆市渝北区金童路251号奥林匹克花园10期23栋上林幼儿园导航直接导融创御锦停车库。从车库1号入口进入，往15栋方向走车位B048，旁边小门进,称重点数,否,,否,正常
163836,重庆市地质矿产勘查开发局107地质队,Z101157,重庆市地质矿产勘查开发局107地质队,重庆市-渝北区-腾芳大道6号,称重点数,是,,否,正常
124577,中国人民武装警察部队重庆市总队机关服务中心,Z039238,中国人民武装警察部队重庆市总队机关服务中心,龙山路66号武警总队（大龙山66号，大龙山2A出口前方100米）,称重点数,否,,否,正常
107469,重庆轨道资源经营发展有限公司,Z100941,二号线白居寺车辆段,重庆市-大渡口区张家湾轨道二号线白居寺车辆段,称重点数,否,,否,正常
115274,重庆市沙坪坝区档案馆,Z014624,重庆市沙坪坝区档案馆,重庆市重庆市沙坪坝区档案馆,称重点数,是,,否,正常
188941,重庆市渝中区文化和旅游发展委员会,Z069006,重庆市渝中区文化和旅游发展委员会,渝中区文化和旅游渝中区金汤街74号6层,称重点数,是,,否,正常
162773,重庆高速资产经营管理有限公司石油销售分公司,Z100302,重庆高速资产经营管理有限公司石油销售分公司,重庆市-渝北区-龙脊路248号3号楼3楼重庆市渝北区龙脊路248号3号楼6-2,称重点数,是,,否,正常
118522,中铁建生态环境有限公司,Z016899,中铁建生态环境有限公司-早餐,中铁建生态环境有限公司,称重点数,否,,否,正常
250630,重庆市第十八中学（本部）,Z099435,观音桥校区师生食堂,重庆市重庆市江北区十八中学观音桥观音桥校区食堂,称重点数,否,,否,正常
115315,重庆太极涵菡物业服务有限公司渝北分公司,Z099626,太极涵菡渝北分公司-二楼外卖,重庆市重庆市渝北区康美街道⼤⽵林恒⼭东路18号（一楼）太极集团新办公楼,称重点数,否,,否,正常
115315,重庆太极实业（集团）股份有限公司,Z098785,太极涵菡渝北分公司-二楼特色餐,重庆市重庆市渝北区康美街道⼤⽵林恒⼭东路18号（一楼）太极集团新办公楼,称重点数,否,1小时,否,正常
115315,重庆太极实业（集团）股份有限公司,Z010725,太极涵菡渝北分公司-一楼,重庆市重庆市渝北区康美街道⼤⽵林恒⼭东路18号（一楼）太极集团新办公楼,称重点数,否,,否,正常
115315,重庆太极实业（集团）股份有限公司,Z097699,太极涵菡渝北分公司-二楼早餐,重庆市重庆市渝北区康美街道⼤⽵林恒⼭东路18号（一楼）太极集团新办公楼,称重点数,否,,否,正常
107469,重庆轨道资源经营发展有限公司,Z100529,两路口基地,新干线大厦B座新干线大厦B座4楼,称重点数,是,,否,正常
243843,重庆市地质矿产勘查开发集团检验检测有限公司,Z110078,地质勘察——早餐,重庆市-北碚区-同德路12号,称重点数,否,,否,正常
126473,重庆金融街融迈置业有限公司,Z044332,重庆金融街融迈置业有限公司,重庆市重庆市江北区建新东路88号金融街融景中心负一楼食堂重庆市江北区建新东路88号金融街融景中心负一楼食堂,称重点数,是,30分钟,否,正常
106898,中信银行股份有限公司重庆分行,Z085099,中信银行-九龙坡支行（日配）,重庆市重庆市九龙坡区西郊路17号四季花园1栋九龙坡区西郊路17号四季花园1栋4-3,称重点数,是,,否,正常
237290,中国人民解放军海军装备部驻广州地区军事代表局驻重庆地区第一军事代表室,Z076046,中国人民解放军海军装备部驻广州地区军事代表局驻重庆地区第一军事代表室,重庆市重庆市渝中区渝中区长江二路157-7号附近渝中区长江二路157-7号附近,称重点数,否,,否,正常
159421,重庆市渝中区机关事务服务中心,Z102250,重庆市渝中区机关事务服务中心（奶BF）,重庆市-渝中区-和平路管家巷9号,称重点数,是,,否,正常
129709,重庆市沙坪坝区回龙坝镇人民政府,Z055073,重庆市沙坪坝区回龙坝镇人民政府,重庆市重庆市沙坪坝区回龙北街21号,称重点数,否,,否,正常
108818,重庆两江新区物业管理有限公司,Z074101,两江物业—职能中心食堂,重庆市重庆市渝北区渝北区御园路92号东北方向180米,称重点数,否,,否,正常
130465,重庆中法供水有限公司,Z084092,渝北三号桥食堂,水气大楼3楼员工食堂,称重点数,否,1小时,否,正常
130465,重庆中法供水有限公司,Z059237,重庆中法供水-松树桥食堂,重庆市渝北区松石大道100号,称重点数,否,,否,正常
126473,重庆金融街融迈置业有限公司,Z044332,重庆金融街融迈置业有限公司,重庆市重庆市江北区建新东路88号金融街融景中心负一楼食堂重庆市江北区建新东路88号金融街融景中心负一楼食堂,称重点数,是,,否,正常
199232,重庆市九龙坡区鹅公岩小学校,Z093498,重庆市九龙坡区鹅公岩小学校-早餐,鹅公岩小学鹅公岩小学,称重点数,否,,否,正常
131523,重庆市沙坪坝区金沙幼儿园,Z062283,金沙幼儿园-学生,重庆市重庆市沙坪坝区重庆市沙坪坝区沙滨路财信·沙滨城市A区13栋 重庆市沙坪坝区沙滨路财信·沙滨城市A区13栋,称重点数,否,,否,正常
105715,重庆建工桥梁工程有限责任公司,105715,重庆建工桥梁工程有限责任公司,重庆市重庆市南岸区重庆市南岸区重庆建工桥梁技术中心(南城大道),称重点数,否,1小时,否,正常
113643,重庆君合酒店管理有限公司,Z007473,考试中心（应急管理局干副）,重庆市重庆市渝北区重庆市应急管理局应急局,称重点数,否,30分钟,否,正常
269069,中国人民解放军陆军第九五三医院,Z119272,中国人民解放军陆军第九五三医院,重庆市-江津区-光明路江津区支坪镇,称重点数,否,,否,正常
159763,重庆市公安局特勤局,Z064756,重庆市公安局特勤局,重庆市渝北区新南路一号重庆市渝北区新南路1号,称重点数,否,15分钟,否,正常
156736,中国人民解放军陆军军医大学,Z102501,招待所食堂,重庆市重庆市沙坪坝区瑜园瑜园大门左手边，不进大门，招待所食堂,称重点数,否,1.5小时,否,正常
159763,重庆市公安局特勤局,Z064756,重庆市公安局特勤局,重庆市渝北区新南路一号重庆市渝北区新南路1号,称重点数,否,,否,正常
159763,重庆市公安局特勤局,Z064756,重庆市公安局特勤局,重庆市渝北区新南路一号重庆市渝北区新南路1号,称重点数,否,15分钟,否,正常
122129,重庆川仪自动化股份有限公司,Z033011,川仪自动化股份-北环园区单位食堂,重庆市重庆市渝北区重庆川仪自动化股份有限公司黄山大道,称重点数,否,1小时,是,单点配送
128678,重庆水资源产业股份有限公司高新区自来水分公司,Z084475,高新区自来水-大学城食堂,重庆市重庆市沙坪坝区西永大道199号,称重点数,否,,否,正常
114469,重庆两江新区上林幼儿园,Z009298,重庆两江新区上林幼儿园-学生,重庆市重庆市渝北区金童路251号奥林匹克花园10期23栋上林幼儿园导航直接导融创御锦停车库。从车库1号入口进入，往15栋方向走车位B048，旁边小门进,称重点数,否,,否,正常
115607,重庆同兴医疗废物处理有限公司,Z011688,重庆同兴医疗废物处理有限公司,重庆市重庆市北碚区田坝子村重庆同兴医疗废物处理公司,称重点数,否,,否,正常
131046,重庆市九龙坡区公路事务中心,Z060302,重庆市九龙坡区公路事务中心,重庆市重庆市九龙坡区高农村11组40号,称重点数,否,,否,正常
127229,中建五局第三建设有限公司（CQ）,Z072499,中建五局—观音桥项目,重庆市重庆市江北区俊豪名居21-7,称重点数,是,,否,正常
156736,中国人民解放军陆军军医大学,Z102504,虎溪校区--内训,重庆市-沙坪坝区-大学城南路富力城时光里对面陆军虎溪校区,称重点数,否,,否,正常
126473,重庆金融街融迈置业有限公司,Z044332,重庆金融街融迈置业有限公司,重庆市重庆市江北区建新东路88号金融街融景中心负一楼食堂重庆市江北区建新东路88号金融街融景中心负一楼食堂,称重点数,是,,否,正常
126473,重庆金融街融迈置业有限公司,Z044332,重庆金融街融迈置业有限公司,重庆市重庆市江北区建新东路88号金融街融景中心负一楼食堂重庆市江北区建新东路88号金融街融景中心负一楼食堂,称重点数,是,,否,正常
213567,重庆市沙坪坝区公共停车管理处,Z085728,重庆市沙坪坝区公共停车管理处,重庆市重庆市沙坪坝区沙坪坝区沙杨路3重庆市沙坪坝区沙南停车场2单元5,称重点数,否,,否,正常
167462,渝北区消防救援支队,Z071228,渝北区消防救援支队-空港新城站点,重庆市重庆市渝北区重庆市渝北区仙桃街道顺义路217号空港新城消防站点,称重点数,否,,否,正常
106898,中信银行股份有限公司重庆分行,Z034552,中信银行-渝北支行（日配）,重庆市重庆市渝北区好莱坞8栋2-1,称重点数,是,,否,正常
251905,招商智翔道路科技（重庆）有限公司,Z091288,招商智翔道路科技（重庆）有限公司,重庆市重庆市南岸区重庆市南岸区X241(长电路),称重点数,否,,否,正常
196560,中国人民解放军联勤保障部队第九〇四医院,Z119201,中国人民解放军联勤保障部队第九〇四医院,重庆市-江津区-光明路江津区支坪镇,称重点数,否,,否,正常
125725,金融街重庆裕隆实业有限公司,Z041818,金融街重庆裕隆实业有限公司,重庆市重庆市沙坪坝区磁器口横街167号附3号（磁器口后街游客服务中心）二期车库入口沙坪坝区磁器口横街167号附3号二期车库入口,称重点数,否,10分钟,否,正常
120108,重庆市南岸区市场监督管理局,Z024312,重庆市南岸区市场监督管理局（日配）,重庆市重庆市南岸区南岸区市场监督管理局,称重点数,否,,否,正常
234349,重庆依星酒店管理有限公司,Z073005,依星酒店-客餐,重庆市重庆市渝北区渝北区舟济路,称重点数,否,,否,正常
179820,重庆市南岸区贝立方幼儿园,Z088295,重庆市南岸区贝立方幼儿园,重庆市重庆市南岸区重庆南岸区贝立方幼儿园重庆南岸茶园新区水云路城南家园八组团贝立方幼儿园,称重点数,否,,否,正常
159421,重庆市渝中区机关事务服务中心,Z100202,重庆市渝中区机关事务服务中心（奶）,重庆市-渝中区-和平路管家巷9号,称重点数,是,,否,正常
130465,重庆中法供水有限公司,Z083869,悦来食堂,重庆市重庆市渝北区中法供水后保安亭,称重点数,否,,否,正常
127333,重庆中国三峡博物馆,Z047141,重庆中国三峡博物馆-丹回路,重庆市重庆市南岸区丹回路1号,称重点数,否,,否,正常
252513,中国人民解放军32614部队,Z092498,252513-永川站点,重庆市重庆市永川区重庆市永川区双石镇大涧口大向餐馆重庆市永川区双石镇大涧口八矛田村88号山下,称重点数,否,,否,正常
105639,重庆市渝北区启诚巴蜀小学校,Z101550,重庆市渝北区启诚巴蜀小学_2,重庆市重庆市渝北区启诚巴蜀小学重庆市渝北区悦城路53-29号启诚巴蜀小学西门,称重点数,否,1小时,否,正常
117112,重庆九龙坡区铝都实验幼儿园,Z014005,重庆九龙坡区铝都实验幼儿园,重庆市重庆市九龙坡区西彭镇三村铝都实验幼儿园,称重点数,否,,否,正常
106898,中信银行股份有限公司重庆分行,Z085085,中信银行--观音桥支行（日配）,重庆市重庆市江北区重庆市江北区李家坪立交,称重点数,是,,否,正常
111960,重庆两江新区天宫殿嘉欣幼儿园,Z004453,两江天宫殿嘉欣幼儿园-学生,重庆市重庆市渝北区天宫殿派出所东湖张15308395462(每周交替),称重点数,是,,否,正常
111960,重庆两江新区天宫殿嘉欣幼儿园,111960,两江天宫殿嘉欣幼儿园-老师,重庆市重庆市渝北区天宫殿派出所东湖张15308395462(每周交替),称重点数,是,,否,正常
175618,重庆市渝北区道路运输事务中心工会委员会,Z103491,重庆市渝北区道路运输事务中心工会委员会,重庆市-渝北区-高岩路112号重庆市渝北区高岩路112号,称重点数,是,,否,正常
111942,重庆两江新区人和嘉欣幼儿园,Z004452,两江人和嘉欣幼儿园-学生,重庆市重庆市渝北区人和加新花园1区,称重点数,是,,否,正常
111942,重庆两江新区人和嘉欣幼儿园,111942,两江人和嘉欣幼儿园-老师,重庆市重庆市渝北区人和加新花园1区,称重点数,是,,否,正常
106898,中信银行股份有限公司重庆分行,Z085097,中信银行-大坪支行（日配）,重庆市重庆市渝中区龙湖大时代23号楼11-1龙湖大时代23号楼11-1,称重点数,否,,否,正常
107058,厦门银行股份有限公司重庆分行,107058,厦门银行股份有限公司重庆分行,重庆市重庆市江北区重庆市江北区金沙门路,称重点数,是,,否,正常
187520,重庆两江新区华师中旭学校,Z068674,重庆两江新区华师中旭学校,重庆市重庆市渝北区重庆市渝北区两江新区嵩山北路702号华师重庆市-渝北区-两江新区嵩山北路,称重点数,否,,否,正常
119840,重庆熙街购物中心管理有限公司,Z025311,重庆熙街购物中心管理有限公司,重庆市重庆市沙坪坝区美丽熙街-28号楼,称重点数,否,,否,正常
122571,重庆市港航海事事务中心,Z035063,重庆市港航海事事务中心,重庆市重庆市江北区重庆市港航管理局19楼,称重点数,是,,否,正常
122571,重庆市港航海事事务中心,Z035063,重庆市港航海事事务中心,重庆市重庆市江北区重庆市港航管理局19楼,称重点数,是,,否,正常
156736,中国人民解放军陆军军医大学,Z102491,虎溪校区外训,重庆市重庆市沙坪坝区富力城时光里小区对面陆军军医大学虎溪校区食堂,称重点数,否,,否,正常
108824,中建五局第三建设有限公司重庆分公司,108824,中建五局第三建设有限公司重庆分公司,重庆市重庆市渝北区渝北区新南路451号重庆市渝北区新南路451号 祈年 悦城2楼,称重点数,否,,否,正常
231052,国投健康养老服务（重庆）有限公司,Z069464,国投健康养老服务（重庆）有限公司-水果,沙坪坝区社会福利养护中心土主镇一纵线交叉路口处,称重点数,否,30分钟,否,正常
228418,重庆中容石化机械制造有限公司,Z066472,重庆中容石化机械制造有限公司,重庆市重庆市沙坪坝区中容石化沙坪坝区井盛路11号办公室201门口,信任交接,否,,否,正常
118522,中铁建生态环境有限公司,Z016899,中铁建生态环境有限公司-早餐,中铁建生态环境有限公司,称重点数,否,,否,正常
116868,重庆高新技术产业开发区管理委员会办公室,Z083974,重庆高新技术产业开发区管理委员会-白案,重庆市重庆市九龙坡区高新区管委会重庆市九龙坡区高新区高新大道6号高新区管委会,称重点数,是,15分钟,是,正常
177164,重庆市正源水务工程质量检测有限责任公司,Z105087,重庆市正源水务工程质量检测有限责任公司,重庆市-北碚区-联东U谷A区10号楼中交长江建设水利水电工程检测中心,称重点数,否,,否,正常
188461,中国共产党重庆市巴南区委员会党校,Z071577,中国共产党重庆市巴南区委员会党校,巴南区花溪街道红光大道15号中共巴南区党校,称重点数,否,1小时,否,正常
116868,重庆高新技术产业开发区管理委员会办公室,Z083975,重庆高新技术产业开发区管理委员会-凉菜,重庆市重庆市九龙坡区高新区管委会重庆市九龙坡区高新区高新大道6号高新区管委会,称重点数,是,15分钟,是,正常
268814,陆军第八十一集团军医院,Z119161,陆军第八十一集团军医院,重庆市-江津区江津区支坪镇椒湾村,称重点数,否,,否,正常
119976,重庆市江北区人力资源和社会保障局,Z024032,重庆市江北区人力资源和社会保障局,重庆市重庆市江北区重庆市江北区观音桥商圈建新东路9号,称重点数,否,,否,正常
116868,重庆高新技术产业开发区管理委员会办公室,Z083972,重庆高新技术产业开发区管理委员会-小锅,重庆市重庆市九龙坡区高新区管委会重庆市九龙坡区高新区高新大道6号高新区管委会,称重点数,是,15分钟,是,正常
234257,重庆市渝中区城市管理综合行政执法支队,Z086817,重庆市渝中区城市管理综合行政执法支队,重庆市重庆市渝中区和平路187号二楼,称重点数,是,,否,正常
252572,联勤保障部队第三储备资产管理局重庆管理站,Z092499,252572-科园五路,重庆市重庆市九龙坡区九龙坡区科园五路27号,称重点数,否,,否,正常
105768,中铁一局集团铁路建设有限公司,Z048599,中铁一局-新拌合站（东站）,重庆市重庆市南岸区方林苑休闲度假村拌合站食堂,称重点数,否,,否,正常
163315,中国人民解放军陆军勤务学院,Z089267,教职工食堂2,重庆市重庆市沙坪坝区勤务学院教职工食堂,称重点数,否,30分钟,是,正常
117340,重庆市食品药品检验检测研究院,Z014415,重庆市食品药品检验检测研究院-白案,重庆市重庆市渝北区春兰二路1号,称重点数,否,,否,正常
157072,重庆市沙坪坝区养老服务中心（重庆市沙坪坝区福利院）,Z084372,重庆市沙坪坝区养老服务中心（重庆市沙坪坝区福利院）,重庆市重庆市沙坪坝区重庆市重庆市沙坪坝区沙坪坝区高滩岩正街93号,称重点数,否,,否,正常
106512,重庆国际物流枢纽园区建设有限责任公司,Z084529,重庆国际物流枢纽园区-领导餐,重庆市重庆市沙坪坝区沙坪坝区黄金湾·智谷(享通路西) 沙坪坝区享通路沙坪坝区黄金湾·智谷(享通路西) 沙坪坝区享通路,称重点数,否,20分钟,否,正常
163315,中国人民解放军陆军勤务学院,Z088278,招待所餐厅,重庆市重庆市沙坪坝区勤务学院招待所,称重点数,否,,是,正常
117340,重庆市食品药品检验检测研究院,Z014407,重庆市食品药品检验检测研究院-红案,重庆市重庆市渝北区春兰二路1号,称重点数,否,,否,正常
257807,重庆建工第三建设有限责任公司高新建材分公司,Z101156,重庆建工第三建设有限责任公司高新建材分公司,重庆市-綦江区-金福大道42号,称重点数,否,,否,正常
102534,重庆耐德工业股份有限公司,200351,耐德-龙兴,重庆市重庆市渝北区耐德龙兴重庆是渝北区龙兴堡云路5号,称重点数,否,,否,正常
106898,中信银行股份有限公司重庆分行,Z085070,中信银行-巴南支行（日配）,巴南区水利局巴南区中信银行(重庆巴南支行)巴南区水利局家属楼21-1,称重点数,否,,否,正常
156736,中国人民解放军陆军军医大学,Z102495,陆军军医大学三食堂-大灶,陆军军医大学三食堂,称重点数,否,,否,正常
253632,重庆市渝北区救助管理站,Z093929,重庆市渝北区救助管理站,重庆市重庆市渝北区翠屏路39号车进大门后坐电梯到负一楼交货,称重点数,否,,否,正常
156736,中国人民解放军陆军军医大学,Z102530,陆军军医大学三食堂-冒菜,陆军军医大学三食堂,称重点数,否,,否,正常
111932,重庆两江新区小博士幼儿园,Z062321,两江小博士幼儿园-保亿丽景分园,重庆市重庆市北碚区重庆市北碚区嘉运大道,称重点数,否,,否,正常
111932,重庆两江新区小博士幼儿园,Z062321,两江小博士幼儿园-保亿丽景分园,重庆市重庆市北碚区重庆市北碚区嘉运大道,称重点数,否,,否,正常
250932,重庆市渝北区科学技术协会,Z089385,重庆市渝北区科学技术协会,重庆市重庆市渝北区渝北区广电大楼渝北区广电大楼4F,称重点数,是,,否,正常
111932,重庆两江新区小博士幼儿园,Z004455,两江小博士幼儿园-学生,重庆市重庆市渝北区天宫殿街道丁香路200号,称重点数,是,,否,正常
111932,重庆两江新区小博士幼儿园,111932,两江小博士幼儿园-老师,重庆市重庆市渝北区天宫殿街道丁香路200号,称重点数,是,,否,正常
109977,重庆农村商业银行股份有限公司巴南支行,109977,重庆农村商业银行股份有限公司巴南支行,重庆市重庆市巴南区龙洲大道145号重庆农村商业银行24小时自助银行(巴南支行营业部)重庆市巴南区龙洲大道145号,称重点数,否,10分钟,否,正常
125556,重庆复旦中学附属幼儿园,Z072008,重庆复旦中学附属幼儿园贰园-教师肉类,重庆市重庆市渝中区渝中区中兴路228号附13号渝中区中兴路228号附13号,称重点数,是,,是,正常
125556,重庆复旦中学附属幼儿园,Z072006,重庆复旦中学附属幼儿园贰园-教师蔬菜类,重庆市重庆市渝中区渝中区中兴路228号附13号渝中区中兴路228号附13号,称重点数,是,,是,正常
125556,重庆复旦中学附属幼儿园,Z089586,重庆复旦中学附属幼儿园贰园-教师油盐辅料,重庆市重庆市渝中区渝中区中兴路228号附13号渝中区中兴路228号附13号,称重点数,是,,是,正常
104141,重庆裕同印刷包装有限公司,Z069155,重庆裕同印刷包装有限公司-新厂,重庆市重庆市渝北区重庆市渝北区裕同君和包装有限公司,称重点数,否,,否,正常
195703,中国人民解放军陆军勤务学院训练基地,Z109141,陆军勤务学院训练基地教工食堂,重庆市-九龙坡区-渝州路79号,称重点数,否,15分钟,是,正常
195703,中国人民解放军陆军勤务学院训练基地,Z110138,陆军勤务学院训练基地第二食堂,重庆市-九龙坡区-渝州路79号,称重点数,否,15分钟,是,正常
195703,中国人民解放军陆军勤务学院训练基地,Z109140,陆军勤务学院训练基地第一食堂,重庆市-九龙坡区-渝州路街道渝州路79号重庆市九龙坡区渝州路街道渝州路79号,称重点数,否,15分钟,是,正常
117135,重庆九龙坡区窑瓦溪幼儿园,Z094605,窑瓦溪幼儿园-教师,重庆市重庆市九龙坡区西彭镇西南铝业集团民生实业公司幼教中心窑瓦溪幼儿园,称重点数,否,,否,正常
123759,重庆市北碚区童家溪镇人民政府,Z036405,重庆市北碚区童家溪镇人民政府,重庆市重庆市北碚区童家溪镇人民政府,称重点数,否,,否,正常
107099,重庆国宾妇产医院有限公司,107099,重庆国宾妇产医院有限公司-vip食堂,重庆市重庆市渝中区国宾妇产医院上清寺39号25楼,称重点数,是,1小时,否,正常
217790,中国人民解放军陆军军医大学第一附属医院,Z109194,西南医院杏林楼九楼,重庆市-沙坪坝区-高滩岩正街29号阳光康居东门内杏林楼,称重点数,否,,否,正常
107912,重庆特园民主党派历史陈列馆,107912,重庆特园民主党派历史陈列馆,重庆市重庆市渝中区中国民主党派历史陈列馆,称重点数,是,10分钟,否,正常
217790,中国人民解放军陆军军医大学第一附属医院,Z109193,西南医院杏林楼二楼,重庆市-沙坪坝区-高滩岩正街29号阳光康居东门内杏林楼,称重点数,否,,否,正常
116904,重庆建工建材物流有限公司,Z013818,重庆建工建材物流有限公司-总部,重庆市重庆市江北区建工建材物流有限公司江北区港城东路6号两江产业园,称重点数,否,,否,正常
217790,中国人民解放军陆军军医大学第一附属医院,Z109192,西南医院杏林楼一楼,重庆市-沙坪坝区-高滩岩正街29号阳光康居东门内杏林楼,称重点数,否,,否,正常
240109,重庆曾家岩大桥建设管理有限公司,Z102981,重庆曾家岩大桥建设管理有限公司_荤菜,曾家岩大桥建设,称重点数,是,,否,正常
227720,中交四航（重庆）供应链管理有限公司,Z065560,中交四航（重庆）供应链管理有限公司,沙坪坝区回龙坝镇垄安大道550号中交重庆冷链智慧产业园中交重庆冷链智慧产业园1楼,称重点数,否,,否,正常
248365,新大正物业集团股份有限公司（证监局）,Z086676,新大正物业集团股份有限公司（证监局）,渝中区五一路99号广发银行大厦37楼渝中区五一路99号广发银行大厦3,称重点数,是,,否,正常
248365,新大正物业集团股份有限公司（证监局）,Z086676,新大正物业集团股份有限公司（证监局）,渝中区五一路99号广发银行大厦37楼渝中区五一路99号广发银行大厦3,称重点数,是,,否,正常
172731,重庆万普隆能源技术有限公司,Z063682,重庆万普隆能源技术有限公司,重庆市重庆市沙坪坝区万普隆,称重点数,否,20分钟,否,正常
125313,大连银行股份有限公司重庆分行,Z041404,大连银行股份有限公司重庆分行,大连银行(重庆分行),称重点数,是,,否,正常
213931,重庆市渝水水务机械有限公司,Z089319,重庆市渝水水务机械有限公司,重庆市重庆市九龙坡区渝水水务机械有限公司东一门,称重点数,否,,否,正常
123528,上海浦东发展银行股份有限公司重庆分行（RP）,Z041984,上海浦东发展银行股份有限公司重庆分行,重庆市重庆市渝北区重庆市渝北区星光大道78号,称重点数,否,,否,正常
125556,重庆复旦中学附属幼儿园,Z091933,重庆复旦中学附属幼儿园贰园-教师粮食,重庆市重庆市渝中区渝中区中兴路228号附13号渝中区中兴路228号附13号,称重点数,是,,是,正常
164594,重庆市九龙坡区市场监督管理局,Z080410,重庆市九龙坡区市场监督管理局,重庆市重庆市九龙坡区重庆市九龙坡区西郊路24巷27-5号,称重点数,否,,否,正常
106898,中信银行股份有限公司重庆分行,Z085096,中信银行-杨家坪支行（日配）,重庆市重庆市九龙坡区重庆市九龙坡区杨家坪正街3附1号7-6,称重点数,否,,否,正常
106898,中信银行股份有限公司重庆分行,Z085085,中信银行--观音桥支行（日配）,重庆市重庆市江北区重庆市江北区李家坪立交,称重点数,是,,否,正常
227454,中国人民财产保险股份有限公司重庆市巴南支公司,Z114011,巴南人保,重庆市-巴南区-鱼洞街道鱼轻路9号重庆市巴南区鱼洞鱼轻路7号、9号,称重点数,否,,否,正常
258337,中国铁路设计集团有限公司（CQ）,Z100652,中国铁路设计集团有限公司（CQ）,重庆市-江北区-东升门路63号金融城贰-(T1-2楼),称重点数,否,,否,正常
106898,中信银行股份有限公司重庆分行,Z085060,中信银行股份有限公司重庆科学城支行（日配）,重庆市-沙坪坝区-学城大道60号万云府4栋2单元602,称重点数,是,,否,正常
130465,重庆中法供水有限公司,Z058706,重庆中法供水-梁沱食堂,重庆市江北区宏帆路,称重点数,否,,否,正常
109349,中铁二十局集团房地产开发有限公司,109349,中铁二十局集团房地产开发有限公司,重庆市重庆市南岸区中铁二十局集团房地产,称重点数,否,,否,正常
130465,重庆中法供水有限公司,Z058705,重庆中法供水-悦来食堂,重庆市渝北区富悦街,称重点数,否,,否,正常
106898,中信银行股份有限公司重庆分行,Z085089,中信银行-两江支行（日配）,重庆市重庆市渝北区中信两江支行,称重点数,是,,否,正常
115915,九龙坡区城管综合执法支队,Z011838,九龙坡区城管综合执法支队-兰花小区,重庆市重庆市九龙坡区九龙坡区兰花五小区5号市政大厦,称重点数,否,,否,正常
106898,中信银行股份有限公司重庆分行,Z085074,中信银行股份有限公司重庆沙坪坝支行（日配）,嘉福苑沙坪坝区小龙坎沙坪坝区小龙坎正街188号9-4,称重点数,否,,否,正常
106898,中信银行股份有限公司重庆分行,Z085071,中信银行-三峡广场支行(日配）,重庆市重庆市沙坪坝区沙坪坝区金沙港湾支路重庆市沙坪坝区金沙港湾支路,称重点数,是,,否,正常
107058,厦门银行股份有限公司重庆分行,107058,厦门银行股份有限公司重庆分行,重庆市重庆市江北区重庆市江北区金沙门路,称重点数,是,,否,正常
167462,渝北区消防救援支队,Z071232,渝北区消防救援支队-龙溪站点,重庆市重庆市渝北区重庆市渝北区嘉州路4号,称重点数,否,,否,正常
235362,重庆两江新区玉兰路翰林幼儿园,Z072471,重庆两江新区玉兰路翰林幼儿园,重庆市重庆市渝北区天宫殿派出所东湖张光美15308395462(以后都送到天宫殿嘉欣),称重点数,否,,否,正常
235362,重庆两江新区玉兰路翰林幼儿园,Z073719,翰林幼儿园老师,重庆市重庆市渝北区两江新区玉兰路翰林幼儿园,称重点数,否,,否,正常
106898,中信银行股份有限公司重庆分行,Z085078,中信银行股份有限公司重庆大渡口支行（日配）,重庆市重庆市大渡口区大渡口松青路1029号中信银行大渡口支行大渡口松青路1029号,称重点数,是,,否,正常
127180,重庆市九龙坡区含谷镇人民政府,Z047561,重庆市九龙坡区含谷镇人民政府,重庆市重庆市九龙坡区含谷人民政府,称重点数,否,,否,正常
167462,渝北区消防救援支队,Z071258,渝北区消防救援支队-台商站点,重庆市重庆市渝北区重庆市渝北区翠屏路与龙石路交叉路口东北侧直接岗亭，别电话,称重点数,否,,否,正常
106898,中信银行股份有限公司重庆分行,Z034551,中信银行股份有限公司重庆鲁能星城支行（日配）,重庆市重庆市渝北区鲁能星城四街区12栋鲁能星城4街区12栋1-15-3,称重点数,是,30分钟,否,正常
154907,重庆市地震局,Z100029,重庆市地震局,重庆市-渝北区-金石大道300号地震局二楼食堂,称重点数,是,,否,正常
188941,重庆市渝中区文化和旅游发展委员会,Z069006,重庆市渝中区文化和旅游发展委员会,渝中区文化和旅游渝中区金汤街74号6层,称重点数,是,,否,正常
106898,中信银行股份有限公司重庆分行,Z000614,中信银行股份有限公司重庆分行（日配）,重庆市重庆市江北区中信银行股份有限公司重庆分行江北嘴西大街5号B1楼,称重点数,是,,否,正常
231052,国投健康养老服务（重庆）有限公司,Z068587,国投健康养老服务（重庆）有限公司,沙坪坝区社会福利养护中心土主镇一纵线交叉路口处,称重点数,否,30分钟,否,正常
107842,中交第三公路工程局有限公司,107842,中交第三公路工程局有限公司第四分公司,重庆市重庆市渝北区中交第三公路第四分公司渝北区黄山大道信达国际D栋2楼，中国交建食堂,称重点数,否,,否,正常
116868,重庆高新技术产业开发区管理委员会办公室,Z083971,重庆高新技术产业开发区管理委员会-煮面间,重庆市重庆市九龙坡区高新区管委会重庆市九龙坡区高新区高新大道6号高新区管委会,称重点数,是,15分钟,是,正常
116868,重庆高新技术产业开发区管理委员会办公室,Z083973,重庆高新技术产业开发区管理委员会-大锅,重庆市重庆市九龙坡区高新区管委会重庆市九龙坡区高新区高新大道6号高新区管委会,称重点数,是,15分钟,是,正常
163315,中国人民解放军陆军勤务学院,Z088279,教职工食堂,重庆市重庆市沙坪坝区勤务学院教职工食堂,称重点数,否,30分钟,是,正常
106512,重庆国际物流枢纽园区建设有限责任公司,Z084527,重庆国际物流枢纽园区-晚餐,重庆市重庆市沙坪坝区沙坪坝区黄金湾·智谷(享通路西) 沙坪坝区享通路沙坪坝区黄金湾·智谷(享通路西) 沙坪坝区享通路,称重点数,否,20分钟,否,正常
106512,重庆国际物流枢纽园区建设有限责任公司,Z084526,重庆国际物流枢纽园区-早餐,重庆市重庆市沙坪坝区沙坪坝区黄金湾·智谷(享通路西) 沙坪坝区享通路沙坪坝区黄金湾·智谷(享通路西) 沙坪坝区享通路,称重点数,否,20分钟,否,正常
106512,重庆国际物流枢纽园区建设有限责任公司,Z084528,重庆国际物流枢纽园区-员工餐,重庆市重庆市沙坪坝区沙坪坝区黄金湾·智谷(享通路西) 沙坪坝区享通路沙坪坝区黄金湾·智谷(享通路西) 沙坪坝区享通路,称重点数,否,20分钟,否,正常
127853,重庆市九龙坡区人民政府石坪桥街道办事处,Z048566,重庆市九龙坡区人民政府石坪桥街道办事处,重庆市重庆市九龙坡区九龙坡区人民政府,称重点数,是,,否,正常
105768,中铁一局集团铁路建设有限公司,Z048825,中铁一局-客机所,重庆市重庆市南岸区山水缘山水缘农家乐,称重点数,否,,否,正常
106898,中信银行股份有限公司重庆分行,Z085095,中信银行-上清寺支行（日配）,重庆市重庆市渝中区中山三路159号11栋1-2,称重点数,是,,否,正常
160987,重庆市爆破工程建设有限责任公司,Z085598,重庆市爆破工程建设有限责任公司,重庆市重庆市江北区江北区华新村350号6层,称重点数,否,,否,正常
119659,重庆瑜煌电力设备制造有限公司,Z093834,重庆瑜煌电力设备制造有限公司-蔬菜,重庆市-北碚区-凤西路6号瑜煌电力设备制造有限公司,称重点数,否,20分钟,否,正常
106898,中信银行股份有限公司重庆分行,Z034560,中信银行-北城天街支行（日配）,重庆市重庆市江北区邦兴花园重庆市重庆市江北区江北区邦兴花园9栋二单元25-1,称重点数,是,,否,正常
106898,中信银行股份有限公司重庆分行,Z085091,中信银行-江北支行（日配）,重庆市重庆市渝北区重庆市渝北区黄泥磅皇冠自由重庆市渝北区黄泥磅皇冠自由城3栋9一4,称重点数,是,,否,正常
253913,重庆市地震局（ZX）,Z093788,重庆市地震局（ZX）,重庆市重庆市渝北区重庆市渝北区黄泥磅皇冠自由城3栋9-4,称重点数,是,,否,正常
233343,重庆创绿环境保护有限公司,Z071728,重庆创绿环境保护有限公司,重庆市-璧山区-璧城街道马家桥村6组288号创绿环境保护有限公司,称重点数,否,,否,正常
156736,中国人民解放军陆军军医大学,Z102498,江津食堂-学员,江津区支坪镇椒湾村军医大学江津校区食堂,称重点数,否,,否,正常
156736,中国人民解放军陆军军医大学,Z102487,陆军军医大学一食堂,陆军军医大学一食堂,称重点数,否,,否,正常
156736,中国人民解放军陆军军医大学,Z102489,陆军军医大学二食堂,重庆市重庆市沙坪坝区沙坪坝区陆军军医大学二食堂陆军军医大学二食堂,称重点数,否,,否,正常
107469,重庆轨道资源经营发展有限公司,Z101069,长生基地,重庆市-南岸区-东西大道北200米重庆轨道长生基地,称重点数,否,,否,正常
163315,中国人民解放军陆军勤务学院,Z088280,外训教工,重庆市重庆市沙坪坝区勤务学院外训食堂,称重点数,否,15分钟,是,正常
156736,中国人民解放军陆军军医大学,Z102497,家属区食堂,重庆市重庆市沙坪坝区瑜园家属园食堂,称重点数,否,,否,正常
107655,重庆建工第三建设有限责任公司,Z088892,重庆建工第三建设有限责任公司,重庆市重庆市渝中区重庆市渝中区菜袁路245号建工三建,称重点数,是,1小时,否,正常
236412,蓝月亮（重庆）有限公司,Z074563,蓝月亮（重庆）有限公司,蓝月亮,称重点数,否,30分钟,否,正常
111956,重庆两江新区小博士锦上华庭幼儿园,Z004454,两江小博士锦上华庭幼儿园-学生,重庆市重庆市渝北区红叶路8号17栋小博士锦上华庭幼儿园,称重点数,是,,否,正常
163315,中国人民解放军陆军勤务学院,Z090589,外训学员,重庆市重庆市沙坪坝区勤务学院外训食堂,称重点数,否,15分钟,是,正常
156736,中国人民解放军陆军军医大学,Z102493,江津食堂-基地,江津区支坪镇椒湾村军医大学江津校区食堂,称重点数,否,,否,正常
109977,重庆农村商业银行股份有限公司巴南支行,109977,重庆农村商业银行股份有限公司巴南支行,重庆市重庆市巴南区龙洲大道145号重庆农村商业银行24小时自助银行(巴南支行营业部)重庆市巴南区龙洲大道145号,称重点数,否,10分钟,否,正常
156736,中国人民解放军陆军军医大学,Z102492,江津食堂-基地化训练,江津区支坪镇椒湾村军医大学江津校区食堂,称重点数,否,,否,正常
125556,重庆复旦中学附属幼儿园,Z072010,重庆复旦中学附属幼儿园贰园-教师水果类,重庆市重庆市渝中区渝中区中兴路228号附13号渝中区中兴路228号附13号,称重点数,是,,是,正常
125556,重庆复旦中学附属幼儿园,Z072011,重庆复旦中学附属幼儿园贰园-教师其他类,重庆市重庆市渝中区渝中区中兴路228号附13号渝中区中兴路228号附13号,称重点数,是,,是,正常
104141,重庆裕同印刷包装有限公司,Z069155,重庆裕同印刷包装有限公司-新厂,重庆市重庆市渝北区重庆市渝北区裕同君和包装有限公司,称重点数,否,,否,正常
195703,中国人民解放军陆军勤务学院训练基地,Z110136,陆军勤务学院训练基地勤务连,重庆市-九龙坡区-渝州路街道渝州路79号重庆市九龙坡区渝州路街道渝州路79号,称重点数,否,15分钟,是,正常
131026,国家税务总局重庆市璧山区税务局,Z082632,国家税务总局重庆市璧山区税务局大路所,重庆市重庆市璧山区璧山区人民法院-东门,信任交接,否,,否,正常
116762,预备役联勤保障第三旅保障部,Z013216,渝南大道30号一食堂,重庆市重庆市巴南区重庆市巴南区渝南大道26号重庆丽都房地产开发有限公司，往前走20米左右,称重点数,是,,否,正常
119701,重庆市生态环境监测中心工会委员会,Z041468,重庆市生态环境监测中心,重庆市重庆市渝北区重庆市生态环境监测中心,称重点数,是,,否,正常
250630,重庆市第十八中学（本部）,Z100275,观音桥十八中一楼-二组,重庆市重庆市江北区十八中学观音桥观音桥校区食堂,称重点数,否,,否,正常
177067,重庆市沙坪坝区城市照明设施管理处,Z085722,沙照明设施管理-沙坪坝,重庆市重庆市沙坪坝区九鼎红街九鼎名都重庆市沙坪坝区九鼎红街九鼎名都,称重点数,否,,否,正常
131026,国家税务总局重庆市璧山区税务局,Z060348,国家税务总局重庆市璧山区税务局,重庆市重庆市璧山区璧山区人民法院-东门,称重点数,否,,否,正常
177067,重庆市沙坪坝区城市照明设施管理处,Z085723,沙照明设施管理-大学城,"重庆市重庆市沙坪坝区重庆市沙坪坝区 学府大道
陈家桥街道李家湾",称重点数,否,,否,正常
127229,中建五局第三建设有限公司（CQ）,Z064739,中建五局—曾家路网项目,重庆市重庆市九龙坡区重庆九龙坡区金栗路一号附65号重庆市九龙坡区蝴蝶里湾湾川便利店往里走100米扶梯上二楼左转,称重点数,否,,否,正常
117454,重庆市沙坪坝区图书馆,Z015308,重庆市沙坪坝区图书馆,重庆市重庆市沙坪坝区渝碚路222-1号宏洲大厦1层沙坪坝图书馆图书馆7楼食堂,称重点数,否,,否,正常
117721,重庆保税港区港佳综合服务有限公司,Z015323,保税港港欣1号餐厅,重庆市重庆市江北区江北区远航大道88号水港综合大楼重庆市江北区远航大道88号水港综合大楼B栋308重庆保税港区港欣资产经营管理有限公司,称重点数,否,,否,正常
240109,重庆曾家岩大桥建设管理有限公司,Z102980,重庆曾家岩大桥建设管理有限公司_素菜,曾家岩大桥建设,称重点数,是,,否,正常
240109,重庆曾家岩大桥建设管理有限公司,Z102982,重庆曾家岩大桥建设管理有限公司_干副,曾家岩大桥建设,称重点数,是,,否,正常
231813,重庆市大足区气象局,Z070283,重庆市大足区气象局,重庆市重庆市大足区大足区气象局大足区南环西路100号,称重点数,否,,否,正常
187379,重庆凯源石油天然气有限责任公司北部分公司,Z064657,重庆凯源石油天然气有限责任公司北部分公司,重庆市重庆市渝北区渝北区松牌路132号渝北区松牌路132号,称重点数,否,,否,正常
107858,重庆通远航务有限责任公司,Z084019,通远航务东区干副,空管,称重点数,否,,否,正常
131513,重庆市沙坪坝区沙磁幼儿园,Z062280,沙磁幼儿园-老师,重庆市重庆市沙坪坝区国富沙磁巷B区 重庆市沙坪坝区磁器口街道沙滨路101号国富沙磁巷B区 重庆市沙坪坝区磁器口街道沙滨路101号,称重点数,否,,否,正常
127229,中建五局第三建设有限公司（CQ）,Z077807,中建五局—童家院子上盖项目部,重庆市重庆市渝北区渝北区金渝轻轨站金渝轻轨站1号出口往下走100米中建五局三公司,称重点数,否,,否,正常
172731,重庆万普隆能源技术有限公司,Z063682,重庆万普隆能源技术有限公司,重庆市重庆市沙坪坝区万普隆,称重点数,否,20分钟,否,正常
123528,上海浦东发展银行股份有限公司重庆分行（RP）,Z041984,上海浦东发展银行股份有限公司重庆分行,重庆市重庆市渝北区重庆市渝北区星光大道78号,称重点数,否,,否,正常
126924,万泰建设集团有限公司,Z046338,重庆万泰建设（集团）有限公司,重庆市重庆市渝北区北大资源博雅-1号楼,称重点数,是,,否,正常
238062,重庆市公路数据服务中心（双桥基地）,Z076606,重庆市公路数据服务中心（双桥基地）,重庆市重庆市大足区重庆公路数据中心,称重点数,否,,否,正常
106300,重庆六零七工程勘察设计有限公司,106300,重庆市地质矿产勘查开发局607地质队,重庆市重庆市巴南区重庆市地勘局607地质队-东门,称重点数,否,,否,正常
115508,重庆市公路数据服务中心,Z075748,人民支路64号重庆市公路数据服务中心,重庆市重庆市渝中区人民支路公路数据人民支路64号,称重点数,否,,否,正常
126720,重庆市风景园林技工学校,Z047895,园林技工学校-教师,重庆市重庆市渝中区菜袁路203号重庆市园林技工学校,称重点数,是,,否,正常
159901,中国船级社重庆分社,Z094984,中国船级社重庆分社,重庆市重庆市渝北区渝北区青枫北路1号,称重点数,否,,否,正常
159901,中国船级社重庆分社,Z094984,中国船级社重庆分社,重庆市重庆市渝北区渝北区青枫北路1号,称重点数,否,,否,正常
232319,重庆南投商业管理有限公司,Z083611,重庆数智产业园建设实业有限公司,重庆市重庆市巴南区巴南区界石镇富城路88号,称重点数,否,,否,正常
126425,重庆远香房地产开发有限公司,Z043982,重庆远香房地产开发有限公司,重庆市重庆市渝北区金通大道远洋九公子-南门,称重点数,是,,否,正常
161909,重庆市大渡口区人民政府茄子溪街道办事处,Z087346,重庆市大渡口区人民政府茄子溪街道办事处,重庆市重庆市大渡口区大渡口区茄子溪,称重点数,是,,否,正常
163182,重庆市第十八中学,Z098969,铁山坪一楼食堂-面食类,重庆市重庆市江北区十八中学铁山坪一楼食堂,称重点数,否,,否,正常
163315,中国人民解放军陆军勤务学院,Z088273,勤务学院六食堂,重庆市重庆市沙坪坝区勤务学院六食堂,称重点数,否,30分钟,是,正常
243843,重庆市地质矿产勘查开发集团检验检测有限公司,Z110079,地质勘察——午餐,重庆市-北碚区-同德路12号,称重点数,否,,否,正常
163315,中国人民解放军陆军勤务学院,Z088270,勤务学院五食堂,重庆市重庆市沙坪坝区陆军勤务学院加工中心,称重点数,否,30分钟,是,正常
150789,中建八局第二建设有限公司,Z078271,中建八局第二建设有限公司,江北区南桥寺康和园江北区南桥寺康和园南桥寺康和园2号18-4,称重点数,是,,否,正常
113643,重庆君合酒店管理有限公司,Z007482,考试中心（西南基地水果）,东环路5号10栋,称重点数,否,,否,正常
113643,重庆君合酒店管理有限公司,Z007484,考试中心（西南基地干副）,东环路5号10栋,称重点数,否,,是,正常
113643,重庆君合酒店管理有限公司,Z007480,考试中心（西南基地菜）,东环路5号10栋,称重点数,否,,否,正常
113643,重庆君合酒店管理有限公司,Z007482,考试中心（西南基地水果）,东环路5号10栋,称重点数,否,,否,正常
160519,重庆市第一中学校,Z100160,重庆一中二食堂-小卖部,重庆市沙坪坝区汉渝路15号,称重点数,否,,否,正常
191667,重庆市巴渝学校,Z096167,重庆市巴渝学校,重庆市重庆市大渡口区巴渝学校大渡口区双山路256号,称重点数,否,,否,正常
120640,重庆两江新区金山名都天宝乐幼儿园,Z093086,重庆两江新区金山名都天宝乐幼儿园1-教师,重庆市重庆市渝北区重庆市渝北区金山街道龙荣路60号天宝乐幼儿园,称重点数,否,,否,正常
105085,成都支成食品有限责任公司（重庆）,Z035562,烤匠光环购物中心,鸳鸯街道湖彩路118号L5层A-L5-28,信任交接,是,,否,正常
105085,成都支成食品有限责任公司（重庆）,Z087543,烤匠来福士-员工餐,重庆市重庆市渝中区重庆市渝中区朝东路18号来福士,信任交接,是,10分钟,否,正常
105085,成都支成食品有限责任公司（重庆）,Z078517,烤匠巴南万达广场店-员工餐,重庆市重庆市巴南区巴南万达广场重庆市巴南区万达广场3楼3011，车库A区8号9号电梯上去。,信任交接,是,30分钟,否,正常
105085,成都支成食品有限责任公司（重庆）,SC196290000004,烤匠时代广场,重庆市重庆市渝中区邹容路100号重庆时代广场L6层烤匠(重庆解放碑店),信任交接,是,10分钟,否,正常
105085,成都支成食品有限责任公司（重庆）,SC197250000003,烤匠时代天街-员工餐,重庆市重庆市渝中区时代天街A馆5楼烤匠,信任交接,是,10分钟,否,正常
105085,成都支成食品有限责任公司（重庆）,SC196290000005,烤匠时代天街,重庆市重庆市渝中区时代天街A馆5楼烤匠,信任交接,是,10分钟,否,正常
105085,成都支成食品有限责任公司（重庆）,Z011393,烤匠金沙天街,重庆市重庆市沙坪坝区沙坪坝区金沙天街A馆5一17号,信任交接,是,10分钟,否,正常
105085,成都支成食品有限责任公司（重庆）,Z048908,烤匠龙湖北城天街,重庆市重庆市江北区北城天街烤匠4楼,信任交接,是,15分钟,否,正常
105085,成都支成食品有限责任公司（重庆）,Z086211,烤匠龙湖源著,重庆市重庆市江北区龙湖源著烤匠龙湖源著天街A馆4楼15号商铺,信任交接,是,10分钟,否,正常
159763,重庆市公安局特勤局,Z094573,特勤局训练基地,重庆市重庆市渝北区渝北区渝开发·星河one东南训练基地部渝北区渝开发·星河one东南(松鹤路北),称重点数,否,,否,正常
111956,重庆两江新区小博士锦上华庭幼儿园,111956,两江小博士锦上华庭幼儿园-老师,重庆市重庆市渝北区红叶路8号17栋小博士锦上华庭幼儿园,称重点数,是,,否,正常
125572,重庆市凤鸣山中学,Z053124,重庆市凤鸣山中学-3楼,重庆市沙坪坝区凤天大道150号重庆市沙坪坝区凤天大道150号,称重点数,是,20分钟,否,正常
119548,重庆建工集团股份有限公司,Z078533,重庆建工集团股份有限公司-鸡冠石项目部,重庆市重庆市南岸区白沙沱正街鸡冠镇石山龙,称重点数,是,,否,正常
194499,重庆市环境卫生事务中心,Z077064,重庆市环境卫生事务中心,重庆市重庆市渝北区环境卫生事务中心渝北区-红石支路29号(花卉园地铁站2C口步行490米）,称重点数,是,,否,正常
117533,中国人民解放军78007部队,Z014724,中国人民解放军78007部队,重庆市重庆市巴南区渝南大道22-2号,称重点数,否,,否,正常
127229,中建五局第三建设有限公司（CQ）,Z068222,中建五局—大健康项目,重庆市重庆市九龙坡区重庆市九龙坡区高盛大道,称重点数,否,,否,正常
120435,重庆璧山天然气有限责任公司,Z029652,重庆璧山天然气有限责任公司,重庆市重庆市璧山区重庆璧山天然气有限责任公司,信任交接,否,,否,正常
128440,慎安（重庆）医院有限公司,Z093680,慎安医院大厨房,重庆市重庆市渝北区莱佛士医院车库厨房,称重点数,是,,否,正常
125572,重庆市凤鸣山中学,Z053124,重庆市凤鸣山中学-3楼,重庆市沙坪坝区凤天大道150号重庆市沙坪坝区凤天大道150号,称重点数,是,20分钟,否,正常
187503,重庆市化工研究院有限公司,Z087684,重庆市化工研究院有限公司,重庆市重庆市江北区重庆市化工研究院,称重点数,否,,否,正常
223966,重庆博通水利信息网络有限公司,Z071446,重庆博通水利信息网络有限公司,重庆市重庆市渝北区渝北区上丁企业园15栋6楼,称重点数,是,,否,正常
107099,重庆国宾妇产医院有限公司,Z010638,重庆国宾妇产医院有限公司-2楼食堂,重庆市重庆市渝中区国宾妇产医院2楼食堂,称重点数,是,1小时,否,正常
194499,重庆市环境卫生事务中心,Z077064,重庆市环境卫生事务中心,重庆市重庆市渝北区环境卫生事务中心渝北区-红石支路29号(花卉园地铁站2C口步行490米）,称重点数,是,,否,正常
125572,重庆市凤鸣山中学,Z053123,重庆市凤鸣山中学-1楼,重庆市沙坪坝区凤天大道150号重庆市沙坪坝区凤天大道150号,称重点数,是,20分钟,否,正常
127229,中建五局第三建设有限公司（CQ）,Z064428,中建五局—中央公园项目部,重庆市重庆市渝北区重庆市渝北区鹿郑循环路,称重点数,否,,否,正常
127229,中建五局第三建设有限公司（CQ）,Z064428,中建五局—中央公园项目部,重庆市重庆市渝北区重庆市渝北区鹿郑循环路,称重点数,否,,否,正常
159763,重庆市公安局特勤局,Z094573,特勤局训练基地,重庆市重庆市渝北区渝北区渝开发·星河one东南训练基地部渝北区渝开发·星河one东南(松鹤路北),称重点数,否,,否,正常
249324,重庆丰盛时代餐饮管理有限公司,Z088472,重庆丰盛时代餐饮管理有限公司,重庆市重庆市九龙坡区博世氢能源电池研发检测,称重点数,是,,否,正常
195703,中国人民解放军陆军勤务学院训练基地,Z110223,烹饪教研室,重庆市-九龙坡区-渝州路街道渝州路79号罗汉沟炊事技能实训中心,称重点数,否,30分钟,是,正常
117643,重庆市渝北区人民政府双龙湖街道办事处,Z015272,重庆市渝北区人民政府双龙湖街道办事处,双龙湖街道六楼食堂,称重点数,否,45分钟,否,正常
121318,重庆市公安局巴南区分局业务技术用房食堂,Z035870,重庆市公安局巴南区分局业务技术用房食堂,重庆市重庆市巴南区巴南区公安局业务技术用房及龙洲湾派出所项目,称重点数,否,,否,正常
121318,重庆市公安局巴南区分局业务技术用房食堂,Z035870,重庆市公安局巴南区分局业务技术用房食堂,重庆市重庆市巴南区巴南区公安局业务技术用房及龙洲湾派出所项目,称重点数,否,,否,正常
168028,重庆市九龙坡区图书馆,Z084472,重庆市九龙坡区图书馆,九龙坡区图书馆,称重点数,是,,否,正常
108923,重庆渝高物业管理有限责任公司,Z100441,两江新区第一人民医院,重庆市-渝北区-人和街道人兴路199号4号门，进车库,称重点数,是,,否,正常
118973,重庆凯源石油天然气有限责任公司巴南分公司,Z018307,重庆凯源石油天然气有限责任公司巴南分公司,巨星花园-停车场,称重点数,否,20分钟,否,正常
130311,中铁二十五局集团有限公司（食堂）,Z057464,中铁二十五局集团有限公司（食堂）-轨道24号线,重庆市重庆市巴南区巴渝船夫老火锅,称重点数,否,,否,正常
252511,中国人民解放军32618部队,Z092459,中国人民解放军32618部队,重庆市重庆市渝中区重庆市渝中区春森路,称重点数,是,,否,正常
113643,重庆君合酒店管理有限公司,Z007469,考试中心（应急管理局菜）,重庆市重庆市渝北区重庆市应急管理局应急局,称重点数,否,,否,正常
159421,重庆市渝中区机关事务管理局,Z071951,重庆市渝中区机关事务服务中心,重庆市重庆市渝中区渝中区和平路管家巷9号 渝中区和平路管家巷9号,称重点数,是,30分钟,否,正常
130402,重庆第二师范学院,Z088294,重庆第二师范学院-2楼,重庆市重庆市南岸区重庆第二师范学院培训中心 重庆市南岸区学府大道11号,称重点数,是,,否,正常
104446,中国人民武装警察部队重庆市总队执勤第二支队,Z099713,十四中队,江北区慈母山隧道1号,称重点数,否,,否,正常
226302,重庆南岸腾龙幼儿园,Z068672,重庆南岸腾龙幼儿园,重庆市南岸区弹子石新街57号,称重点数,否,,否,正常
113643,重庆君合酒店管理有限公司,Z007470,考试中心（应急管理局肉）,重庆市重庆市渝北区重庆市应急管理局应急局,称重点数,否,,否,正常
113643,重庆君合酒店管理有限公司,Z007472,考试中心（应急管理局冻货）,重庆市重庆市渝北区重庆市应急管理局应急局,称重点数,否,,否,正常
167462,渝北区消防救援支队,Z071225,渝北区消防救援支队-悦来站点,重庆市重庆市渝北区重庆市渝北区悦清大道悦来小学旁,称重点数,否,,否,正常
104446,中国人民武装警察部队重庆市总队执勤第二支队,Z099707,三中队,重庆市-九龙坡区-白马凼支路白马凼1号白马凼1号,称重点数,否,,否,正常
127229,中建五局第三建设有限公司（CQ）,Z076486,中建五局—重庆凤栖湖项目,重庆市重庆市九龙坡区重庆市九龙坡区新州大道,称重点数,否,,否,正常
127229,中建五局第三建设有限公司（CQ）,Z076486,中建五局—重庆凤栖湖项目,重庆市重庆市九龙坡区重庆市九龙坡区新州大道,称重点数,否,,否,正常
163315,中国人民解放军陆军勤务学院,Z088267,勤务学院一食堂,重庆市重庆市沙坪坝区勤务学院学校加工中心,称重点数,否,30分钟,是,正常
163315,中国人民解放军陆军勤务学院,Z088269,八食堂,重庆市重庆市沙坪坝区勤务学院学校加工中心,称重点数,否,30分钟,是,正常
248812,重庆市沙坪坝区瑞教文化发展股份有限公司,Z099881,重庆市凤鸣山中学常温奶面包,重庆市-沙坪坝区-凤天大道150号重庆市凤鸣山中学,称重点数,否,,否,正常
124394,中国人民解放军77728部队,Z038638,中国人民解放军77728部队,重庆市重庆市巴南区李家沱工联二村139号,称重点数,否,,否,正常
117120,中国人民解放军32605部队,Z014018,中国人民解放军32605 部队-警卫勤务连机关食堂,大坪长江二路39号,称重点数,是,,否,正常
122433,重庆市房地产交易事务中心,Z033856,重庆市房地产交易事务中心,重庆市重庆市江北区北滨一路366号鼎新国际中心2号楼,称重点数,是,,否,正常
117120,中国人民解放军32605部队,Z014024,中国人民解放军32605部队-保障四队1号食堂 六公里站点,重庆市重庆市南岸区六公里-公交车站,称重点数,是,,否,正常
107058,厦门银行股份有限公司重庆分行,Z007847,厦门银行重庆分行-办公室,重庆市重庆市江北区重庆市江北区金沙门路,称重点数,是,,否,正常
115178,浙商银行股份有限公司重庆分行,Z012812,浙商银行-商务接待,浙商银行信达国际C栋3楼（从负一楼车库进去）,称重点数,是,,否,正常
105085,成都支成食品有限责任公司（重庆）,Z035563,烤匠光环购物中心-员工餐,鸳鸯街道湖彩路118号L5层A-L5-28,信任交接,是,30分钟,否,正常
105085,成都支成食品有限责任公司（重庆）,Z035562,烤匠光环购物中心,鸳鸯街道湖彩路118号L5层A-L5-28,信任交接,是,15分钟,否,正常
119756,中国烟草总公司重庆市公司巴南分公司,Z086584,中国烟草总公司重巴南分公司（界石）,重庆市重庆市巴南区巴南区畅想路16号附近烟草公司,称重点数,否,30分钟,否,正常
167462,渝北区消防救援支队,Z071219,渝北区消防救援支队-支队机关,重庆市重庆市渝北区渝北消防南侧正大门别去北侧，中粮祥云C区正对面,称重点数,否,,否,正常
249674,中交第四航务工程局有限公司CQ,Z087474,中交第四航务工程局有限公司CQ,重庆市-沙坪坝区-回龙坝镇垄安大道542号彩食鲜大厦1楼中交第四航务工程局,称重点数,否,,否,正常
104446,中国人民武装警察部队重庆市总队执勤第二支队,Z099710,十五中队,重庆市重庆市江北区盛安路1盛安路6号,称重点数,否,,否,正常
104446,中国人民武装警察部队重庆市总队执勤第二支队,Z099801,十一中队,重庆市-渝北区-翠屏路与翠屏一支巷交叉口西340米,称重点数,否,,否,正常
105085,成都支成食品有限责任公司（重庆）,SC197250000003,烤匠时代天街-员工餐,重庆市重庆市渝中区时代天街A馆5楼烤匠,信任交接,是,10分钟,否,正常
105085,成都支成食品有限责任公司（重庆）,Z086211,烤匠龙湖源著,重庆市重庆市江北区龙湖源著烤匠龙湖源著天街A馆4楼15号商铺,信任交接,是,10分钟,否,正常
105085,成都支成食品有限责任公司（重庆）,SC196300000002,烤匠万象城,重庆市重庆市九龙坡区谢家湾正街55号万象城L2层烤匠(万象城),信任交接,是,10分钟,否,正常
105085,成都支成食品有限责任公司（重庆）,Z087345,烤匠龙湖U城-员工餐,重庆市重庆市沙坪坝区龙湖U城龙湖U城B馆南8馆4楼01、02号商铺,信任交接,是,15分钟,否,正常
105085,成都支成食品有限责任公司（重庆）,Z074427,烤匠IFS国金中心店,重庆市重庆市江北区重庆市江北区精学街江北区国金中心,信任交接,是,15分钟,否,正常
105085,成都支成食品有限责任公司（重庆）,Z087344,烤匠龙湖U城,重庆市重庆市沙坪坝区龙湖U城龙湖U城B馆南8馆4楼01、02号商铺,信任交接,是,15分钟,否,正常
105085,成都支成食品有限责任公司（重庆）,Z035562,烤匠光环购物中心,鸳鸯街道湖彩路118号L5层A-L5-28,信任交接,是,15分钟,否,正常
105085,成都支成食品有限责任公司（重庆）,Z074969,烤匠南坪协信星光店,重庆市重庆市南岸区南坪协信星光,信任交接,是,10分钟,否,正常
105085,成都支成食品有限责任公司（重庆）,Z048908,烤匠龙湖北城天街,重庆市重庆市江北区北城天街烤匠4楼,信任交接,是,15分钟,否,正常
121149,重庆大江建设工程集团有限公司,Z039087,重庆大江建设工程集团有限公司-客餐,重庆市重庆市渝北区重庆市渝北区金安路,称重点数,是,,否,正常
117120,中国人民解放军32605部队,Z014026,中国人民解放军32605部队-保障四队3号食堂 六公里站点,重庆市重庆市南岸区南岸区六公里学府大道69号学府大道69号,称重点数,否,,否,正常
172731,重庆万普隆能源技术有限公司,Z063682,重庆万普隆能源技术有限公司,重庆市重庆市沙坪坝区万普隆,称重点数,否,20分钟,否,正常
184724,重庆市九龙坡区交通运输委员会,Z084421,九龙坡区交通运输委员会,重庆市重庆市九龙坡区建设大厦建设大厦旁边交通局食堂3楼,称重点数,是,,否,正常
127260,重庆两江新区鱼复工业园建设投资有限公司（日配）,Z046275,重庆两江新区鱼复工业园建设投资有限公司（日配）,重庆市重庆市江北区重庆两江新区鱼复工业园建设投资有限公司,称重点数,否,,否,正常
106898,中信银行股份有限公司重庆分行,Z085093,中信银行-解放碑支行（日配）,重庆市重庆市渝中区渝中区八一路260号恒通云鼎1单元10-3恒通云鼎1单元10-3,称重点数,是,,否,正常
106898,中信银行股份有限公司重庆分行,Z085081,中信银行-金渝支行（日配）,重庆市重庆市渝北区金渝支行时代中心1号中信银行金渝支行时代中心1号门3栋6-3,称重点数,是,,否,正常
106898,中信银行股份有限公司重庆分行,Z085098,中信银行-高新支行（日配）,重庆市重庆市九龙坡区九龙坡区科园一街25号新锐地带C栋5-3科园一街25号新锐地带C栋5-3,称重点数,是,,否,正常
159901,中国船级社重庆分社,Z094984,中国船级社重庆分社,重庆市重庆市渝北区渝北区青枫北路1号,称重点数,否,,否,正常
254602,重庆青凤科技发展有限公司,Z100128,重庆青凤科技发展有限公司,重庆市-沙坪坝区-凤集路与海博大道交口西北侧重庆市沙坪坝区凤集路与海博大道交叉口西北方向181米,称重点数,否,30分钟,否,正常
238062,重庆市公路数据服务中心（双桥基地）,Z077152,公路数据双桥基地干副,重庆市重庆市大足区公路数据中心双桥基地还没到就打哥电话,称重点数,否,,否,正常
131495,重庆市渝北区人民政府人和街道办事处,Z062050,重庆市渝北区人民政府人和街道办事处,重庆市重庆市渝北区人和街道办事处,称重点数,否,,否,正常
106898,中信银行股份有限公司重庆分行,Z085058,中信银行-经开支行（日配）,重庆市重庆市南岸区重庆市重庆市南岸区南岸区上海城26栋13-2重庆市重庆市南岸区南岸区上海城26栋13-2,称重点数,否,,否,正常
163315,中国人民解放军陆军勤务学院,Z088271,勤务学院二食堂,重庆市重庆市沙坪坝区勤务学院,称重点数,否,30分钟,是,正常
163315,中国人民解放军陆军勤务学院,Z088272,勤务学院三食堂,重庆市重庆市沙坪坝区勤务学院三食堂,称重点数,否,30分钟,是,正常
106900,中国石油集团川庆钻探工程有限公司重庆运输总公司,106900,中国石油集团川庆钻探工程有限公司重庆运输总公司,重庆市重庆市渝北区红石支路299号中国石油川庆钻探工程有限公司重庆运输总公司,称重点数,是,,否,正常
104446,中国人民武装警察部队重庆市总队执勤第二支队,Z099708,四中队,渝北区红锦大道60号,称重点数,否,,否,正常
113643,重庆君合酒店管理有限公司,Z007483,考试中心（西南基地冻货）,东环路5号10栋,称重点数,否,,否,正常
118522,中铁建生态环境有限公司,Z017640,中铁建生态环境有限公司-员工餐,中铁建生态环境有限公司,称重点数,否,,否,正常
113643,重庆君合酒店管理有限公司,Z007481,考试中心（西南基地肉）,东环路5号10栋,称重点数,否,,否,正常
117829,沙坪坝区气象局,Z015238,沙坪坝区气象局,重庆市重庆市沙坪坝区饮水村104号重庆市沙坪坝区气象局,称重点数,否,,否,正常
104446,中国人民武装警察部队重庆市总队执勤第二支队,Z099705,教导队,重庆市南岸区罗家坝向家坡36号向家坡36号,称重点数,是,,否,正常
114354,重庆市血液中心,Z010605,重庆市血液中心,华福大道北段21号重庆市血液中心血液中心,称重点数,是,,否,正常
191667,重庆市巴渝学校,Z096167,重庆市巴渝学校,重庆市重庆市大渡口区巴渝学校大渡口区双山路256号,称重点数,否,,否,正常
224907,重庆市应能应急救援有限公司（直属支队）,Z063572,重庆市应能应急救援有限公司（直属支队）,专业救援,称重点数,否,,否,正常
120623,重庆丽苑大酒店有限公司,Z028687,丽苑大酒店-西餐厅,重庆市重庆市沙坪坝区丽苑大酒店重庆市沙坪坝区丽苑维景大酒店负一楼,称重点数,是,15分钟,否,正常
232171,重庆颐悦酒店管理有限公司,Z068930,重庆颐悦酒店管理有限公司,重庆市重庆市渝北区重庆市渝北区庐山大道,称重点数,否,,否,正常
191667,重庆市巴渝学校,Z096167,重庆市巴渝学校,重庆市重庆市大渡口区巴渝学校大渡口区双山路256号,称重点数,否,,否,正常
120640,重庆两江新区金山名都天宝乐幼儿园,Z093085,重庆两江新区金山名都天宝乐幼儿园1-学生,重庆市重庆市渝北区重庆市渝北区金山街道龙荣路60号天宝乐幼儿园,称重点数,否,10分钟,否,正常
105085,成都支成食品有限责任公司（重庆）,Z048909,烤匠龙湖北城天街-员工餐,重庆市重庆市江北区北城天街烤匠4楼,信任交接,是,30分钟,否,正常
105085,成都支成食品有限责任公司（重庆）,SC197250000002,烤匠万象城-员工餐,重庆市重庆市九龙坡区谢家湾正街55号万象城L2层烤匠(万象城),信任交接,是,10分钟,否,正常
105085,成都支成食品有限责任公司（重庆）,Z074427,烤匠IFS国金中心店,重庆市重庆市江北区重庆市江北区精学街江北区国金中心,信任交接,是,15分钟,否,正常
105085,成都支成食品有限责任公司（重庆）,SC197250000001,烤匠大融城-员工餐,重庆市重庆市江北区观音桥东环路59号附近烤匠麻辣烤鱼(重庆大融城店),信任交接,是,,否,正常
105085,成都支成食品有限责任公司（重庆）,SC196300000003,烤匠大融城,重庆市重庆市江北区观音桥东环路59号附近烤匠麻辣烤鱼(重庆大融城店),信任交接,是,15分钟,否,正常
105085,成都支成食品有限责任公司（重庆）,SC197250000004,烤匠时代广场-员工餐,重庆市重庆市渝中区邹容路100号重庆时代广场L6层烤匠(重庆解放碑店),信任交接,是,10分钟,否,正常
105085,成都支成食品有限责任公司（重庆）,Z074428,烤匠IFS国金中心店-员工餐,重庆市重庆市江北区重庆市江北区精学街江北区国金中心,信任交接,是,30分钟,否,正常
105085,成都支成食品有限责任公司（重庆）,SC196300000002,烤匠万象城,重庆市重庆市九龙坡区谢家湾正街55号万象城L2层烤匠(万象城),信任交接,是,10分钟,否,正常
105085,成都支成食品有限责任公司（重庆）,Z074970,烤匠南坪协信星光店-员工餐,重庆市重庆市南岸区南坪协信星光,信任交接,是,10分钟,否,正常
105085,成都支成食品有限责任公司（重庆）,Z074969,烤匠南坪协信星光店,重庆市重庆市南岸区南坪协信星光,信任交接,是,10分钟,否,正常
105085,成都支成食品有限责任公司（重庆）,Z037798,烤匠大悦城-员工餐,重庆市重庆市渝北区仙桃街道大悦城L426号（5楼）,信任交接,是,30分钟,否,正常
120581,重庆天宝乐托育服务有限公司,Z093083,重庆两江新区金山名都天宝乐幼儿园2-学生,重庆市重庆市九龙坡区袁家岗162号2-18号（众科大厦13楼19号）,称重点数,是,15分钟,否,正常
105085,成都支成食品有限责任公司（重庆）,Z037797,烤匠大悦城,重庆市重庆市渝北区仙桃街道大悦城L426号（5楼）,信任交接,是,15分钟,否,正常
105085,成都支成食品有限责任公司（重庆）,Z078516,烤匠巴南万达广场店,重庆市重庆市巴南区巴南万达广场重庆市巴南区万达广场3楼3011，车库A区8号9号电梯上去。,信任交接,是,15分钟,否,正常
120581,重庆天宝乐托育服务有限公司,Z093084,重庆两江新区金山名都天宝乐幼儿园2-教师,重庆市重庆市九龙坡区袁家岗162号2-18号（众科大厦13楼19号）,称重点数,是,15分钟,否,正常
105085,成都支成食品有限责任公司（重庆）,Z087542,烤匠来福士,重庆市重庆市渝中区重庆市渝中区朝东路18号来福士,信任交接,是,10分钟,否,正常
105085,成都支成食品有限责任公司（重庆）,Z086212,烤匠龙湖源著-员工餐,重庆市重庆市江北区龙湖源著烤匠龙湖源著天街A馆4楼15号商铺,信任交接,是,10分钟,否,正常
128608,重庆当代整形外科医院有限公司,Z050852,重庆当代整形外科医院有限公司,重庆市重庆市江北区重庆市江北区建新西路184附2号,称重点数,是,,否,正常
128608,重庆当代整形外科医院有限公司,Z051152,重庆当代整形外科医院有限公司-客餐,重庆市重庆市江北区重庆市江北区建新西路184附2号,称重点数,是,,否,正常
125572,重庆市凤鸣山中学,Z053123,重庆市凤鸣山中学-1楼,重庆市沙坪坝区凤天大道150号重庆市沙坪坝区凤天大道150号,称重点数,是,20分钟,否,正常
165832,重庆市巴南区人民政府南彭街道办事处,Z085328,重庆市巴南区人民政府南彭街道办事处,重庆市重庆市巴南区巴南区南彭街道办南彭街道办斜对面（停车场往里走）,称重点数,是,,否,正常
153369,重庆市沙坪坝区医疗保障局,Z066477,重庆市沙坪坝区医疗保障局,重庆市重庆市沙坪坝区重庆市沙坪坝区医疗保障局,称重点数,否,,否,正常
125572,重庆市凤鸣山中学,Z053124,重庆市凤鸣山中学-3楼,重庆市沙坪坝区凤天大道150号重庆市沙坪坝区凤天大道150号,称重点数,是,20分钟,否,正常
128440,慎安（重庆）医院有限公司,Z050185,慎安（重庆）医院-月子厨房,重庆市重庆市渝北区莱佛士医院车库厨房,称重点数,是,,否,正常
117721,重庆保税港区港佳综合服务有限公司,Z015323,保税港港欣1号餐厅,重庆市重庆市江北区江北区远航大道88号水港综合大楼重庆市江北区远航大道88号水港综合大楼B栋308重庆保税港区港欣资产经营管理有限公司,称重点数,否,,否,正常
181120,重庆农村商业银行股份有限公司大足支行,Z077253,重庆农村商业银行股份有限公司大足支行,重庆市重庆市大足区大足区五星大道390号附2号重庆大足区五星大道390号附2号7楼,称重点数,否,,否,正常
127229,中建五局第三建设有限公司（CQ）,Z064428,中建五局—中央公园项目部,重庆市重庆市渝北区重庆市渝北区鹿郑循环路,称重点数,否,,否,正常
127229,中建五局第三建设有限公司（CQ）,Z064428,中建五局—中央公园项目部,重庆市重庆市渝北区重庆市渝北区鹿郑循环路,称重点数,否,,否,正常
121318,重庆市公安局巴南区分局业务技术用房食堂,Z035870,重庆市公安局巴南区分局业务技术用房食堂,重庆市重庆市巴南区巴南区公安局业务技术用房及龙洲湾派出所项目,称重点数,否,,否,正常
117543,重庆市安全生产考试中心,Z014771,重庆市安全生产考试中心-西南基地,重庆市重庆市江北区国家安监实训基地,称重点数,否,,否,正常
127333,重庆中国三峡博物馆,Z047140,重庆中国三峡博物馆-大礼堂,重庆市重庆市渝中区重庆中国三峡博物馆渝中区人民路236号,称重点数,否,10分钟,否,正常
104446,中国人民武装警察部队重庆市总队执勤第二支队,Z099715,十中队,重庆市-北碚区-歇马街道断头路左传一直下,称重点数,否,,否,正常
104446,中国人民武装警察部队重庆市总队执勤第二支队,Z099802,江北中队,重庆市重庆市江北区盛华路12号,称重点数,否,,否,正常
224973,重庆市应能应急救援有限公司永川队,Z063575,重庆市应能应急救援有限公司永川队,重庆市重庆市永川区永川区红炉镇四合厂红炉镇四合厂,称重点数,否,,否,正常
130402,重庆第二师范学院,Z088293,重庆第二师范学院-1楼,重庆市重庆市南岸区重庆第二师范学院培训中心 重庆市南岸区学府大道11号,称重点数,是,,否,正常
226302,重庆南岸腾龙幼儿园,Z068672,重庆南岸腾龙幼儿园,重庆市南岸区弹子石新街57号,称重点数,否,,否,正常
113643,重庆君合酒店管理有限公司,Z007473,考试中心（应急管理局干副）,重庆市重庆市渝北区重庆市应急管理局应急局,称重点数,否,,否,正常
104446,中国人民武装警察部队重庆市总队执勤第二支队,Z099709,九中队,两路镇航惠路21号,称重点数,否,1小时,否,正常
156173,重庆医科大学附属口腔医院（重庆市口腔医院）,Z072345,口腔医院上清寺站点,重庆市重庆市渝中区上清寺口腔口院车库升降到2楼，带推车,称重点数,是,,否,正常
113643,重庆君合酒店管理有限公司,Z007471,考试中心（应急管理局水果）,重庆市重庆市渝北区重庆市应急管理局应急局,称重点数,否,30分钟,否,正常
104446,中国人民武装警察部队重庆市总队执勤第二支队,Z099711,十二中队,重庆市重庆市江北区铁山坪街道翠微路5号,称重点数,否,,否,正常
252572,联勤保障部队第三储备资产管理局重庆管理站,Z092093,联勤保障部队第三储备资产管理局重庆管理站,重庆市重庆市渝中区渝中区七星岗民生路兴利大厦兴利大厦28楼,称重点数,是,,否,正常
106602,重庆美莱整形美容医院有限公司,106602,重庆美莱整形美容医院有限公司,重庆市重庆市江北区重庆市江北区建新西路184附2号,称重点数,是,10分钟,否,正常
127229,中建五局第三建设有限公司（CQ）,Z076486,中建五局—重庆凤栖湖项目,重庆市重庆市九龙坡区重庆市九龙坡区新州大道,称重点数,否,,否,正常
107469,重庆轨道资源经营发展有限公司,Z100853,道角检修基地,重庆市-巴南区-渝南大道(京汉凤凰城南侧约100米)轻轨道角检修基地,称重点数,否,,否,正常
158982,重庆万家雅迪汽车销售服务有限公司,Z064708,重庆万家雅迪汽车销售服务有限公司,重庆市重庆市沙坪坝区重庆市沙坪坝区石新路321号凤天大道159号,称重点数,是,,否,正常
107469,重庆轨道资源经营发展有限公司,Z100961,大堰综合基地,重庆市-九龙坡区-水碾路27号重庆轨道交通大堰综合基地,称重点数,是,,否,正常
163315,中国人民解放军陆军勤务学院,Z088268,四食堂,重庆市重庆市沙坪坝区勤务学院学校加工中心,称重点数,否,30分钟,是,正常
252513,中国人民解放军32614部队,Z092460,中国人民解放军32614部队,重庆市重庆市江津区重庆市江津区广兴镇军民街81号,称重点数,否,1小时,否,正常
108040,中国十九冶集团有限公司重庆分公司,108040,中国十九冶集团有限公司重庆分公司,重庆市重庆市渝北区渝北洪湖西路18号上丁企业公园28幢 ,称重点数,否,1小时,否,正常
248812,重庆市沙坪坝区瑞教文化发展股份有限公司,Z099882,重庆市凤鸣山中学日用品,重庆市-沙坪坝区-凤天大道150号重庆市凤鸣山中学,称重点数,否,,否,正常
122433,重庆市房地产交易事务中心,Z033856,重庆市房地产交易事务中心,重庆市重庆市江北区北滨一路366号鼎新国际中心2号楼,称重点数,是,,否,正常
117120,中国人民解放军32605部队,Z014021,中国人民解放军32605部队-八公里车材站点,重庆市重庆市巴南区重庆市巴南区巴滨路与娄八路,称重点数,否,,否,正常
125313,大连银行股份有限公司重庆分行,Z041404,大连银行股份有限公司重庆分行,大连银行(重庆分行),称重点数,是,,否,正常
105483,重庆市会展服务中心,105483,重庆市会展服务中心,重庆市重庆市江北区江北区建新北路65号外经贸大厦楼后面外贸食堂,称重点数,否,,否,正常
105085,成都支成食品有限责任公司（重庆）,Z011394,烤匠金沙天街-员工餐,重庆市重庆市沙坪坝区沙坪坝区金沙天街A馆5一17号,信任交接,是,30分钟,否,正常
105085,成都支成食品有限责任公司（重庆）,Z011393,烤匠金沙天街,重庆市重庆市沙坪坝区沙坪坝区金沙天街A馆5一17号,信任交接,是,10分钟,否,正常
234443,中建三局第一建设工程有限责任公司（cq）,Z086400,中建三局-联发三湾项目,重庆市重庆市江北区重庆市江北区三湾路（保利江上明珠乐园）16号附25号3-3（保利江上明珠乐园）16号附25号3-3,称重点数,否,,否,正常
104446,中国人民武装警察部队重庆市总队执勤第二支队,Z099800,渝北中队,重庆市渝北区沙岚垭公交站,称重点数,否,,否,正常
269234,重庆萤之森酒店管理有限公司,Z119310,重庆萤之森酒店管理有限公司,重庆市-沙坪坝区-丰文街道大学城丰文街道三河村萤火谷农场萤之森石头花园民宿,称重点数,否,,否,正常
269669,重庆市住房公积金管理中心（重庆市住房资金管理中心）,Z119415,重庆市住房公积金管理中心沙坪坝办事处,重庆市-沙坪坝区-石井坡街道团结坝436号附38号团结坝438号公积金中心,称重点数,是,,否,正常
107469,重庆轨道资源经营发展有限公司,Z100841,中梁山基地,重庆市九龙坡区福园路,称重点数,否,,否,正常
236412,蓝月亮（重庆）有限公司,Z074563,蓝月亮（重庆）有限公司,蓝月亮,称重点数,否,30分钟,否,正常
170611,重庆九锅箐农林综合开发有限责任公司,Z102432,重庆颐天康养产业发展有限公司,重庆市-渝中区-中山三128号、130号投资大厦车库电梯到负一楼颐天康养食堂,称重点数,是,,否,正常
105085,成都支成食品有限责任公司（重庆）,Z011393,烤匠金沙天街,重庆市重庆市沙坪坝区沙坪坝区金沙天街A馆5一17号,信任交接,是,10分钟,否,正常
105085,成都支成食品有限责任公司（重庆）,SC196300000003,烤匠大融城,重庆市重庆市江北区观音桥东环路59号附近烤匠麻辣烤鱼(重庆大融城店),信任交接,是,15分钟,否,正常
105085,成都支成食品有限责任公司（重庆）,SC196290000004,烤匠时代广场,重庆市重庆市渝中区邹容路100号重庆时代广场L6层烤匠(重庆解放碑店),信任交接,是,10分钟,否,正常
105085,成都支成食品有限责任公司（重庆）,Z037797,烤匠大悦城,重庆市重庆市渝北区仙桃街道大悦城L426号（5楼）,信任交接,是,15分钟,否,正常
105085,成都支成食品有限责任公司（重庆）,Z078516,烤匠巴南万达广场店,重庆市重庆市巴南区巴南万达广场重庆市巴南区万达广场3楼3011，车库A区8号9号电梯上去。,信任交接,是,15分钟,否,正常
105085,成都支成食品有限责任公司（重庆）,SC196290000005,烤匠时代天街,重庆市重庆市渝中区时代天街A馆5楼烤匠,信任交接,是,10分钟,否,正常
105085,成都支成食品有限责任公司（重庆）,Z087542,烤匠来福士,重庆市重庆市渝中区重庆市渝中区朝东路18号来福士,信任交接,是,10分钟,否,正常
127229,中建五局第三建设有限公司（CQ）,Z064428,中建五局—中央公园项目部,重庆市重庆市渝北区重庆市渝北区鹿郑循环路,称重点数,否,,否,正常
125572,重庆市凤鸣山中学,Z053123,重庆市凤鸣山中学-1楼,重庆市沙坪坝区凤天大道150号重庆市沙坪坝区凤天大道150号,称重点数,是,20分钟,否,正常
104446,中国人民武装警察部队重庆市总队执勤第二支队,Z099716,北碚中队,重庆市重庆市北碚区重庆市重庆市北碚区沙岗坡,称重点数,否,,否,正常
117120,中国人民解放军32605部队,Z014025,中国人民解放军32605部队-保障四队2号食堂 六公里站点,重庆市重庆市南岸区南岸区六公里渝能国际,称重点数,否,,否,正常
119701,重庆市生态环境监测中心工会委员会,Z044013,重庆市生态环境监测中心-用品,重庆市重庆市渝北区重庆市生态环境监测中心,称重点数,是,,否,正常
108923,重庆渝高物业管理有限责任公司,Z102240,两江新区人民医院-小卖部,重庆市-渝北区-人兴路199号导航两江新区第一人民医院新院区4号门，进车库，下到1楼,称重点数,是,1.5小时,否,正常
191154,重庆机场集团有限公司,Z081586,机场职工一食堂干副,重庆市重庆市渝北区机场集团一食堂,称重点数,是,,是,正常
117120,中国人民解放军32605部队,Z014023,中国人民解放军32605部队-保障一队彭家花园食堂,大坪正街彭家花园12号,称重点数,是,,否,正常
252513,中国人民解放军32614部队,Z092497,252513-巴南站点,重庆市-巴南区-娄八路,称重点数,否,,否,正常
234136,重庆客百年农产品经营有限公司,Z071065,重庆客百年农产品经营有限公司,重庆市重庆市江津区九江大道,称重点数,否,,否,正常
114358,重庆市钱大妈供应链管理有限公司,Z009013,重庆市钱大妈供应链管理有限公司,重庆市重庆市沙坪坝区红星美凯龙智慧物流城安能物流重庆分拨中心,称重点数,否,,否,正常
231502,成都永辉商业发展有限公司CQ,Z069328,成都永辉商业发展有限公司CQ,四川省成都市彭州市成都市彭州濛阳镇新城商业中心宝兴街37号二楼成都市彭州濛阳镇新城商业中心宝兴街37号二楼,称重点数,否,,否,正常
231559,湖北永辉中百超市有限公司,Z069325,湖北永辉中百超市有限公司,湖北省武汉市硚口区武汉市硚口区古田二路8栋2-6层B座(汇丰企业总部)武汉市硚口区古田二路8栋2-6层B座(汇丰企业总部),称重点数,否,,否,正常
231559,湖北永辉中百超市有限公司,Z069325,湖北永辉中百超市有限公司,湖北省武汉市硚口区武汉市硚口区古田二路8栋2-6层B座(汇丰企业总部)武汉市硚口区古田二路8栋2-6层B座(汇丰企业总部),称重点数,否,,否,正常
231573,陕西永辉超市有限公司,Z069323,陕西永辉超市有限公司,陕西省西安市莲湖区西安市莲湖区唐延路168号西安市莲湖区唐延路168号,称重点数,否,,否,正常
231573,陕西永辉超市有限公司,Z069323,陕西永辉超市有限公司,陕西省西安市莲湖区西安市莲湖区唐延路168号西安市莲湖区唐延路168号,称重点数,否,,否,正常
250423,北京永辉商业有限公司,Z088316,北京永辉商业有限公司,北京市北京市石景山区北京市石景山区鲁谷大街东侧永辉超市一层,称重点数,否,,否,正常
118891,重庆交通大学幼儿园,Z085791,交大幼-荤食类,重庆市重庆市南岸区交通大学幼儿园2号门,称重点数,否,,否,正常
116943,重庆市渝中区锦程小金星幼儿园,Z013803,重庆市渝中区锦程小金星幼儿园-学生,重庆市重庆市渝中区河运路2号锦程小金星幼儿园,称重点数,是,,否,正常
118891,重庆交通大学幼儿园,Z085785,交大幼-蔬菜类,重庆市重庆市南岸区交通大学幼儿园2号门,称重点数,否,,否,正常
118891,重庆交通大学幼儿园,Z085792,交大幼-副食类,重庆市重庆市南岸区交通大学幼儿园2号门,称重点数,否,,否,正常
116943,重庆市渝中区锦程小金星幼儿园,Z013802,重庆市渝中区锦程小金星幼儿园-老师,重庆市重庆市渝中区河运路2号锦程小金星幼儿园,称重点数,是,,否,正常
116943,重庆市渝中区锦程小金星幼儿园,Z013803,重庆市渝中区锦程小金星幼儿园-学生,重庆市重庆市渝中区河运路2号锦程小金星幼儿园,称重点数,是,,否,正常
232493,重庆市渝北区盛果誉峰幼儿园,Z072264,重庆市渝北区盛果誉峰幼儿园,重庆市重庆市渝北区渝北区盛果誉幼儿园食堂,称重点数,否,,否,正常
165243,重庆市公安局渝北区分局交通巡逻警察支队,Z096845,渝北区交巡警-双凤大队,重庆市重庆市渝北区渝北区空港大道97号只能停在路边 把货带进去,称重点数,否,,否,正常
121045,重庆高新区天骄名城小金星幼儿园,Z029794,天骄名城小金星幼儿园-老师,重庆市重庆市沙坪坝区天骄名城东1期,称重点数,否,30分钟,否,正常
115082,重庆市九龙坡区锦尚小金星幼儿园,Z010662,重庆市锦尚小金星幼儿园-老师,重庆市重庆市九龙坡区万科锦尚小区大门口锦尚小金星幼儿园锦尚小金星幼儿园,称重点数,是,,否,正常
117112,重庆九龙坡区铝都实验幼儿园,Z094603,铝都实验幼儿园-教师,重庆市重庆市九龙坡区西彭镇三村铝都实验幼儿园,称重点数,否,,否,正常
117112,重庆九龙坡区铝都实验幼儿园,Z014005,重庆九龙坡区铝都实验幼儿园,重庆市重庆市九龙坡区西彭镇三村铝都实验幼儿园,称重点数,否,,否,正常
121045,重庆高新区天骄名城小金星幼儿园,Z029806,天骄名城小金星幼儿园-学生,重庆市重庆市沙坪坝区天骄名城东1期,称重点数,否,30分钟,否,正常
118891,重庆交通大学幼儿园,Z085791,交大幼-荤食类,重庆市重庆市南岸区交通大学幼儿园2号门,称重点数,否,,否,正常
117052,静苑观江岭幼儿园,Z014003,静苑观江岭幼儿园,重庆市重庆市九龙坡区杨九路(志龙观江嶺)静苑观江岭幼儿园,称重点数,是,15分钟,否,正常
117134,重庆九龙坡区铝都实验幼儿园大石堡分园,Z014006,重庆九龙坡区铝都实验幼儿园大石堡分园,重庆市重庆市九龙坡区西彭镇铝城正街2号铝都实验幼儿园(大石堡分园),称重点数,否,,否,正常
115082,重庆市九龙坡区锦尚小金星幼儿园,Z010664,重庆市锦尚小金星幼儿园-学生,重庆市重庆市九龙坡区万科锦尚小区大门口锦尚小金星幼儿园锦尚小金星幼儿园,称重点数,是,,否,正常
117112,重庆九龙坡区铝都实验幼儿园,Z014005,重庆九龙坡区铝都实验幼儿园,重庆市重庆市九龙坡区西彭镇三村铝都实验幼儿园,称重点数,否,,否,正常
117112,重庆九龙坡区铝都实验幼儿园,Z094603,铝都实验幼儿园-教师,重庆市重庆市九龙坡区西彭镇三村铝都实验幼儿园,称重点数,否,,否,正常
117052,静苑观江岭幼儿园,Z094606,静苑观江岭幼儿园-教师,重庆市重庆市九龙坡区杨九路(志龙观江嶺)静苑观江岭幼儿园,称重点数,是,15分钟,否,正常
105802,重庆市九龙坡区恒大小金星幼儿园,SC19A070000031,恒大小金星幼儿园-学生,重庆市重庆市九龙坡区恒华路8号10栋恒大小金星幼儿园,称重点数,否,,否,正常
154936,重庆嘉威啤酒有限公司,Z083986,重庆嘉威啤酒—集团,重庆市重庆市大渡口区重庆鑫钰实业集团重庆市大渡口区金桥路附近,称重点数,是,30分钟,否,正常
105802,重庆市九龙坡区恒大小金星幼儿园,SC19A070000030,恒大小金星幼儿园-老师,重庆市重庆市九龙坡区恒华路8号10栋恒大小金星幼儿园,称重点数,否,,否,正常
117135,重庆九龙坡区窑瓦溪幼儿园,Z014004,重庆九龙坡区窑瓦溪幼儿园,重庆市重庆市九龙坡区西彭镇西南铝业集团民生实业公司幼教中心窑瓦溪幼儿园,称重点数,否,,否,正常
117135,重庆九龙坡区窑瓦溪幼儿园,Z014004,重庆九龙坡区窑瓦溪幼儿园,重庆市重庆市九龙坡区西彭镇西南铝业集团民生实业公司幼教中心窑瓦溪幼儿园,称重点数,否,,否,正常
165243,重庆市公安局渝北区分局交通巡逻警察支队,Z096848,渝北区交巡警-双龙大队,重庆市重庆市渝北区双龙大队把菜送进去不要放在地上,称重点数,否,,否,正常
120623,重庆丽苑大酒店有限公司,Z028687,丽苑大酒店-西餐厅,重庆市重庆市沙坪坝区丽苑大酒店重庆市沙坪坝区丽苑维景大酒店负一楼,称重点数,是,15分钟,否,正常
120623,重庆丽苑大酒店有限公司,Z028687,丽苑大酒店-西餐厅,重庆市重庆市沙坪坝区丽苑大酒店重庆市沙坪坝区丽苑维景大酒店负一楼,称重点数,是,15分钟,否,正常
120623,重庆丽苑大酒店有限公司,Z028687,丽苑大酒店-西餐厅,重庆市重庆市沙坪坝区丽苑大酒店重庆市沙坪坝区丽苑维景大酒店负一楼,称重点数,是,15分钟,否,正常
126924,万泰建设集团有限公司,Z050017,重庆万泰建设-万科白鹤岭项目,重庆市-沙坪坝区-覃家岗街道G75(兰海高速)重庆市沙坪坝区学灯路5号7幢2-1,称重点数,是,,否,正常
120623,重庆丽苑大酒店有限公司,Z028447,丽苑大酒店-员工餐厅,重庆市重庆市沙坪坝区丽苑大酒店重庆市沙坪坝区丽苑维景大酒店负一楼,称重点数,是,15分钟,否,正常
226630,重庆市巴南区芸峰兰亭幼儿园,Z073098,重庆市巴南区芸峰兰亭幼儿园,巴南区芸兴路303号,称重点数,否,,否,正常
121149,重庆大江建设工程集团有限公司,Z039087,重庆大江建设工程集团有限公司-客餐,重庆市重庆市渝北区重庆市渝北区金安路,称重点数,是,,否,正常
104840,重庆品谷谷餐饮有限公司,104840,重庆品谷谷餐饮有限公司,重庆市重庆市沙坪坝区彩食鲜大厦食堂重庆彩食鲜食堂,称重点数,否,,否,正常
165243,重庆市公安局渝北区分局交通巡逻警察支队,Z096847,渝北区交巡警-两路大队,重庆市重庆市渝北区两路大队钥匙放在门口的直接拿钥匙开小门放回原处,信任交接,否,,否,正常
120623,重庆丽苑大酒店有限公司,Z028684,丽苑大酒店-宴会厅,重庆市重庆市沙坪坝区丽苑大酒店重庆市沙坪坝区丽苑维景大酒店负一楼,称重点数,是,15分钟,否,正常
245710,重庆百幼蒙养托育服务合伙企业（有限合伙）,Z084000,重庆百幼蒙养托育服务合伙企业（有限合伙）,重庆市重庆市渝北区重庆百幼蒙养托育服务合伙企业（有限合伙）,称重点数,否,15分钟,否,正常
165243,重庆市公安局渝北区分局交通巡逻警察支队,Z096843,渝北区交巡警-事故预防及处理大队,重庆市重庆市渝北区重庆市渝北区回兴街道双湖路147号货拿到2楼食堂 喊保安点货,称重点数,否,,否,正常
110778,重庆拓达建设（集团）有限公司,110778,重庆拓达建设（集团）有限公司,重庆市重庆市南岸区重庆拓达建设(集团)有限公司南岸区学府大道54号附7号2楼,称重点数,否,,否,正常
165243,重庆市公安局渝北区分局交通巡逻警察支队,Z096841,渝北区交巡警-回兴大队,重庆市重庆市渝北区重庆市渝北区凯哥三支路99号门卫那里拿钥匙肉放在冰箱，拿了钥匙放回原处,信任交接,否,,否,正常
106266,重庆市沙坪坝区华彩幼儿园,106266,重庆市沙坪坝区华彩幼儿园,重庆市重庆市沙坪坝区凤天大道140号附近华彩艺术幼儿园,称重点数,是,15分钟,否,正常
106266,重庆市沙坪坝区华彩幼儿园,106266,重庆市沙坪坝区华彩幼儿园,重庆市重庆市沙坪坝区凤天大道140号附近华彩艺术幼儿园,称重点数,是,15分钟,否,正常
109786,重庆市教育科学研究院,109786,重庆市教育科学研究院,重庆市重庆市渝中区重庆市教育科学研究院,称重点数,是,10分钟,是,正常
120623,重庆丽苑大酒店有限公司,Z028684,丽苑大酒店-宴会厅,重庆市重庆市沙坪坝区丽苑大酒店重庆市沙坪坝区丽苑维景大酒店负一楼,称重点数,是,15分钟,否,正常
120623,重庆丽苑大酒店有限公司,Z061098,丽苑大酒店-外卖,重庆市重庆市沙坪坝区丽苑大酒店重庆市沙坪坝区丽苑维景大酒店负一楼,称重点数,是,15分钟,否,正常
154936,重庆嘉威啤酒有限公司,Z078590,重庆嘉威啤酒有限公司,重庆市重庆市大渡口区重庆嘉威啤酒,称重点数,是,,否,正常
237595,重庆东彭物业管理有限公司,Z076435,重庆东彭物业管理有限公司,重庆市重庆市渝北区渝北区财富中心山顶3号重庆渝北区财富大道14号山顶（中能建城乡投资重庆有限公司）,称重点数,否,,否,正常
165243,重庆市公安局渝北区分局交通巡逻警察支队,Z096846,渝北区交巡警-龙山大队,重庆市重庆市渝北区龙山大队送到食堂桌子上，不能放地上,称重点数,否,,否,正常
111153,重庆皓春健康产业有限公司,111153,重庆皓春健康产业有限公司,"重庆市重庆市九龙坡区：重庆新壹城2号楼3楼养老公寓后厨
：重庆新壹城2号楼3楼养老公寓后厨",称重点数,是,,否,正常
118470,重庆今瑜医药股份有限公司,Z016497,重庆今瑜医药股份有限公司,重庆市重庆市南岸区龙翔路2号,称重点数,否,,否,正常
165243,重庆市公安局渝北区分局交通巡逻警察支队,Z096847,渝北区交巡警-两路大队,重庆市重庆市渝北区两路大队钥匙放在门口的直接拿钥匙开小门放回原处,信任交接,否,,否,正常
245710,重庆百幼蒙养托育服务合伙企业（有限合伙）,Z084000,重庆百幼蒙养托育服务合伙企业（有限合伙）,重庆市重庆市渝北区重庆百幼蒙养托育服务合伙企业（有限合伙）,称重点数,否,15分钟,否,正常
